SET session_replication_role = replica;

--
-- PostgreSQL database dump
--

-- Dumped from database version 15.6
-- Dumped by pg_dump version 15.7 (Ubuntu 15.7-1.pgdg20.04+1)

SET statement_timeout = 0;
SET lock_timeout = 0;
SET idle_in_transaction_session_timeout = 0;
SET client_encoding = 'UTF8';
SET standard_conforming_strings = on;
SELECT pg_catalog.set_config('search_path', '', false);
SET check_function_bodies = false;
SET xmloption = content;
SET client_min_messages = warning;
SET row_security = off;

--
-- Data for Name: audit_log_entries; Type: TABLE DATA; Schema: auth; Owner: supabase_auth_admin
--



--
-- Data for Name: flow_state; Type: TABLE DATA; Schema: auth; Owner: supabase_auth_admin
--



--
-- Data for Name: users; Type: TABLE DATA; Schema: auth; Owner: supabase_auth_admin
--



--
-- Data for Name: identities; Type: TABLE DATA; Schema: auth; Owner: supabase_auth_admin
--



--
-- Data for Name: instances; Type: TABLE DATA; Schema: auth; Owner: supabase_auth_admin
--



--
-- Data for Name: sessions; Type: TABLE DATA; Schema: auth; Owner: supabase_auth_admin
--



--
-- Data for Name: mfa_amr_claims; Type: TABLE DATA; Schema: auth; Owner: supabase_auth_admin
--



--
-- Data for Name: mfa_factors; Type: TABLE DATA; Schema: auth; Owner: supabase_auth_admin
--



--
-- Data for Name: mfa_challenges; Type: TABLE DATA; Schema: auth; Owner: supabase_auth_admin
--



--
-- Data for Name: one_time_tokens; Type: TABLE DATA; Schema: auth; Owner: supabase_auth_admin
--



--
-- Data for Name: refresh_tokens; Type: TABLE DATA; Schema: auth; Owner: supabase_auth_admin
--



--
-- Data for Name: sso_providers; Type: TABLE DATA; Schema: auth; Owner: supabase_auth_admin
--



--
-- Data for Name: saml_providers; Type: TABLE DATA; Schema: auth; Owner: supabase_auth_admin
--



--
-- Data for Name: saml_relay_states; Type: TABLE DATA; Schema: auth; Owner: supabase_auth_admin
--



--
-- Data for Name: sso_domains; Type: TABLE DATA; Schema: auth; Owner: supabase_auth_admin
--



--
-- Data for Name: key; Type: TABLE DATA; Schema: pgsodium; Owner: supabase_admin
--



--
-- Data for Name: actions; Type: TABLE DATA; Schema: public; Owner: postgres
--



--
-- Data for Name: bill_amendments; Type: TABLE DATA; Schema: public; Owner: postgres
--



--
-- Data for Name: representatives; Type: TABLE DATA; Schema: public; Owner: postgres
--

INSERT INTO "public"."representatives" ("id", "created_at", "full_name", "first_name", "last_name", "homepage") VALUES
	('B001318', '2024-11-12 08:09:12.555867+00', 'Becca Balint', 'Becca', 'Balint', NULL),
	('B001300', '2024-11-12 08:09:12.795741+00', 'Nanette Diaz Barragán', 'Nanette', 'Barragán', NULL),
	('B001281', '2024-11-12 08:09:13.02067+00', 'Joyce Beatty', 'Joyce', 'Beatty', NULL),
	('B001287', '2024-11-12 08:09:13.284106+00', 'Ami Bera', 'Ami', 'Bera', NULL),
	('B001292', '2024-11-12 08:09:13.520784+00', 'Donald S. Beyer, Jr.', 'Donald', 'Beyer', NULL),
	('B000490', '2024-11-12 08:09:13.868576+00', 'Sanford D. Bishop, Jr.', 'Sanford', 'Bishop', NULL),
	('B000574', '2024-11-12 08:09:14.203235+00', 'Earl Blumenauer', 'Earl', 'Blumenauer', NULL),
	('B001303', '2024-11-12 08:09:14.450038+00', 'Lisa Blunt Rochester', 'Lisa', 'Blunt Rochester', NULL),
	('B001278', '2024-11-12 08:09:14.677481+00', 'Suzanne Bonamici', 'Suzanne', 'Bonamici', NULL),
	('B001223', '2024-11-12 08:09:14.924865+00', 'Jamaal Bowman', 'Jamaal', 'Bowman', NULL),
	('B001296', '2024-11-12 08:09:15.162453+00', 'Brendan F. Boyle', 'Brendan', 'Boyle', NULL),
	('B001313', '2024-11-12 08:09:15.38173+00', 'Shontel M. Brown', 'Shontel', 'Brown', NULL),
	('B001285', '2024-11-12 08:09:15.621+00', 'Julia Brownley', 'Julia', 'Brownley', NULL),
	('B001315', '2024-11-12 08:09:15.835099+00', 'Nikki Budzinski', 'Nikki', 'Budzinski', NULL),
	('B001224', '2024-11-12 08:09:16.071867+00', 'Cori Bush', 'Cori', 'Bush', NULL),
	('C001134', '2024-11-12 08:09:16.305774+00', 'Yadira Caraveo', 'Yadira', 'Caraveo', NULL),
	('C001112', '2024-11-12 08:09:16.567318+00', 'Salud O. Carbajal', 'Salud', 'Carbajal', NULL),
	('C001097', '2024-11-12 08:09:16.825666+00', 'Tony Cárdenas', 'Tony', 'Cárdenas', NULL),
	('C001072', '2024-11-12 08:09:17.080978+00', 'André Carson', 'André', 'Carson', NULL),
	('C001125', '2024-11-12 08:09:17.306103+00', 'Troy A. Carter', 'Troy', 'Carter', NULL),
	('C001090', '2024-11-12 08:09:17.553753+00', 'Matt Cartwright', 'Matt', 'Cartwright', NULL),
	('C001131', '2024-11-12 08:09:17.77381+00', 'Greg Casar', 'Greg', 'Casar', NULL),
	('C001055', '2024-11-12 08:09:18.007519+00', 'Ed Case', 'Ed', 'Case', NULL),
	('C001117', '2024-11-12 08:09:18.239556+00', 'Sean Casten', 'Sean', 'Casten', NULL),
	('C001091', '2024-11-12 08:09:18.701043+00', 'Joaquin Castro', 'Joaquin', 'Castro', NULL),
	('C001127', '2024-11-12 08:09:18.919622+00', 'Sheila Cherfilus-McCormick', 'Sheila', 'Cherfilus-McCormick', NULL),
	('C001080', '2024-11-12 08:09:19.164122+00', 'Judy Chu', 'Judy', 'Chu', NULL),
	('C001084', '2024-11-12 08:09:19.416456+00', 'David N. Cicilline', 'David', 'Cicilline', NULL),
	('C001101', '2024-11-12 08:09:19.648961+00', 'Katherine M. Clark', 'Katherine', 'Clark', NULL),
	('C001067', '2024-11-12 08:09:19.904479+00', 'Yvette D. Clarke', 'Yvette', 'Clarke', NULL),
	('C001061', '2024-11-12 08:09:20.172694+00', 'Emanuel Cleaver', 'Emanuel', 'Cleaver', NULL),
	('C000537', '2024-11-12 08:09:20.423719+00', 'James E. Clyburn', 'James', 'Clyburn', NULL),
	('C001068', '2024-11-12 08:09:20.67324+00', 'Steve Cohen', 'Steve', 'Cohen', NULL),
	('C001078', '2024-11-12 08:09:20.930859+00', 'Gerald E. Connolly', 'Gerald', 'Connolly', NULL),
	('C001110', '2024-11-12 08:09:21.169694+00', 'J. Luis Correa', 'J.', 'Correa', NULL),
	('C001059', '2024-11-12 08:09:21.432933+00', 'Jim Costa', 'Jim', 'Costa', NULL),
	('C001069', '2024-11-12 08:09:21.681833+00', 'Joe Courtney', 'Joe', 'Courtney', NULL),
	('C001119', '2024-11-12 08:09:21.912823+00', 'Angie Craig', 'Angie', 'Craig', NULL),
	('C001121', '2024-11-12 08:09:22.336378+00', 'Jason Crow', 'Jason', 'Crow', NULL),
	('C001063', '2024-11-12 08:09:22.656538+00', 'Henry Cuellar', 'Henry', 'Cuellar', NULL),
	('D000629', '2024-11-12 08:09:22.902074+00', 'Sharice Davids', 'Sharice', 'Davids', NULL),
	('D000096', '2024-11-12 08:09:23.231157+00', 'Danny K. Davis', 'Danny', 'Davis', NULL),
	('D000230', '2024-11-12 08:09:23.47341+00', 'Donald G. Davis', 'Donald', 'Davis', NULL),
	('D000631', '2024-11-12 08:09:23.70535+00', 'Madeleine Dean', 'Madeleine', 'Dean', NULL),
	('D000197', '2024-11-12 08:09:24.054402+00', 'Diana DeGette', 'Diana', 'DeGette', NULL),
	('D000216', '2024-11-12 08:09:24.312634+00', 'Rosa L. DeLauro', 'Rosa', 'DeLauro', NULL),
	('D000617', '2024-11-12 08:09:24.55265+00', 'Suzan K. DelBene', 'Suzan', 'DelBene', NULL),
	('D000530', '2024-11-12 08:09:24.755748+00', 'Christopher R. Deluzio', 'Christopher', 'Deluzio', NULL),
	('D000623', '2024-11-12 08:09:24.99955+00', 'Mark DeSaulnier', 'Mark', 'DeSaulnier', NULL),
	('D000624', '2024-11-12 08:09:25.249749+00', 'Debbie Dingell', 'Debbie', 'Dingell', NULL),
	('D000399', '2024-11-12 08:09:25.512264+00', 'Lloyd Doggett', 'Lloyd', 'Doggett', NULL),
	('E000299', '2024-11-12 08:09:25.749027+00', 'Veronica Escobar', 'Veronica', 'Escobar', NULL),
	('E000215', '2024-11-12 08:09:26.01228+00', 'Anna G. Eshoo', 'Anna', 'Eshoo', NULL),
	('E000297', '2024-11-12 08:09:26.265888+00', 'Adriano Espaillat', 'Adriano', 'Espaillat', NULL),
	('E000296', '2024-11-12 08:09:26.542477+00', 'Dwight Evans', 'Dwight', 'Evans', NULL),
	('F000468', '2024-11-12 08:09:26.817962+00', 'Lizzie Fletcher', 'Lizzie', 'Fletcher', NULL),
	('F000454', '2024-11-12 08:09:27.160682+00', 'Bill Foster', 'Bill', 'Foster', NULL),
	('F000477', '2024-11-12 08:09:27.479377+00', 'Valerie P. Foushee', 'Valerie', 'Foushee', NULL),
	('F000462', '2024-11-12 08:09:27.722984+00', 'Lois Frankel', 'Lois', 'Frankel', NULL),
	('F000476', '2024-11-12 08:09:27.924226+00', 'Maxwell Frost', 'Maxwell', 'Frost', NULL),
	('G000559', '2024-11-12 08:09:28.44434+00', 'John Garamendi', 'John', 'Garamendi', NULL),
	('G000587', '2024-11-12 08:09:28.665289+00', 'Sylvia R. Garcia', 'Sylvia', 'Garcia', NULL),
	('G000598', '2024-11-12 08:09:28.889235+00', 'Robert Garcia', 'Robert', 'Garcia', NULL),
	('G000592', '2024-11-12 08:09:29.123313+00', 'Jared F. Golden', 'Jared', 'Golden', NULL),
	('G000585', '2024-11-12 08:09:29.37767+00', 'Jimmy Gomez', 'Jimmy', 'Gomez', NULL),
	('G000581', '2024-11-12 08:09:29.598958+00', 'Vicente Gonzalez', 'Vicente', 'Gonzalez', NULL),
	('G000583', '2024-11-12 08:09:29.832286+00', 'Josh Gottheimer', 'Josh', 'Gottheimer', NULL),
	('G000553', '2024-11-12 08:09:30.068442+00', 'Al Green', 'Al', 'Green', NULL),
	('G000551', '2024-11-12 08:09:30.35129+00', 'Raúl M. Grijalva', 'Raúl', 'Grijalva', NULL),
	('H001090', '2024-11-12 08:09:30.568459+00', 'Josh Harder', 'Josh', 'Harder', NULL),
	('H001081', '2024-11-12 08:09:30.788523+00', 'Jahana Hayes', 'Jahana', 'Hayes', NULL),
	('H001038', '2024-11-12 08:09:31.03651+00', 'Brian Higgins', 'Brian', 'Higgins', NULL),
	('H001047', '2024-11-12 08:09:31.304028+00', 'James A. Himes', 'James', 'Himes', NULL),
	('H001066', '2024-11-12 08:09:31.526402+00', 'Steven Horsford', 'Steven', 'Horsford', NULL),
	('H001085', '2024-11-12 08:09:31.774385+00', 'Chrissy Houlahan', 'Chrissy', 'Houlahan', NULL),
	('H000874', '2024-11-12 08:09:32.142134+00', 'Steny H. Hoyer', 'Steny', 'Hoyer', NULL),
	('H001094', '2024-11-12 08:09:32.368108+00', 'Val T. Hoyle', 'Val', 'Hoyle', NULL),
	('H001068', '2024-11-12 08:09:32.623899+00', 'Jared Huffman', 'Jared', 'Huffman', NULL),
	('I000058', '2024-11-12 08:09:32.869118+00', 'Glenn Ivey', 'Glenn', 'Ivey', NULL),
	('J000308', '2024-11-12 08:09:33.285366+00', 'Jeff Jackson', 'Jeff', 'Jackson', NULL),
	('J000032', '2024-11-12 08:09:33.572838+00', 'Sheila Jackson Lee', 'Sheila', 'Jackson Lee', NULL),
	('J000305', '2024-11-12 08:09:33.801053+00', 'Sara Jacobs', 'Sara', 'Jacobs', NULL),
	('J000298', '2024-11-12 08:09:34.051003+00', 'Pramila Jayapal', 'Pramila', 'Jayapal', NULL),
	('J000294', '2024-11-12 08:09:34.287207+00', 'Hakeem S. Jeffries', 'Hakeem', 'Jeffries', NULL),
	('J000288', '2024-11-12 08:09:34.548922+00', 'Henry C. "Hank" Johnson, Jr.', 'Henry', 'Johnson', NULL),
	('K000400', '2024-11-12 08:09:34.807813+00', 'Sydney Kamlager-Dove', 'Sydney', 'Kamlager-Dove', NULL),
	('K000009', '2024-11-12 08:09:35.134703+00', 'Marcy Kaptur', 'Marcy', 'Kaptur', NULL),
	('K000375', '2024-11-12 08:09:35.522997+00', 'William R. Keating', 'William', 'Keating', NULL),
	('K000385', '2024-11-12 08:09:35.751936+00', 'Robin L. Kelly', 'Robin', 'Kelly', NULL),
	('K000389', '2024-11-12 08:09:35.986577+00', 'Ro Khanna', 'Ro', 'Khanna', NULL),
	('K000380', '2024-11-12 08:09:36.206471+00', 'Daniel T. Kildee', 'Daniel', 'Kildee', NULL),
	('K000381', '2024-11-12 08:09:36.460042+00', 'Derek Kilmer', 'Derek', 'Kilmer', NULL),
	('K000394', '2024-11-12 08:09:36.719422+00', 'Andy Kim', 'Andy', 'Kim', NULL),
	('K000391', '2024-11-12 08:09:36.982811+00', 'Raja Krishnamoorthi', 'Raja', 'Krishnamoorthi', NULL),
	('K000382', '2024-11-12 08:09:37.234672+00', 'Ann M. Kuster', 'Ann', 'Kuster', NULL),
	('L000601', '2024-11-12 08:09:37.488899+00', 'Greg Landsman', 'Greg', 'Landsman', NULL),
	('L000560', '2024-11-12 08:09:37.7159+00', 'Rick Larsen', 'Rick', 'Larsen', NULL),
	('L000557', '2024-11-12 08:09:38.030553+00', 'John B. Larson', 'John', 'Larson', NULL),
	('A000376', '2024-11-12 08:09:12.126424+00', 'Colin Z. Allred', 'Colin', 'Allred', NULL),
	('L000273', '2024-11-12 08:09:39.134012+00', 'Teresa Leger Fernandez', 'Teresa', 'Leger Fernandez', NULL),
	('L000593', '2024-11-12 08:09:39.36246+00', 'Mike Levin', 'Mike', 'Levin', NULL),
	('L000582', '2024-11-12 08:09:39.588372+00', 'Ted Lieu', 'Ted', 'Lieu', NULL),
	('L000397', '2024-11-12 08:09:39.872481+00', 'Zoe Lofgren', 'Zoe', 'Lofgren', NULL),
	('L000562', '2024-11-12 08:09:40.308788+00', 'Stephen F. Lynch', 'Stephen', 'Lynch', NULL),
	('M001223', '2024-11-12 08:09:40.556818+00', 'Seth Magaziner', 'Seth', 'Magaziner', NULL),
	('M001135', '2024-11-12 08:09:40.816108+00', 'Kathy E. Manning', 'Kathy', 'Manning', NULL),
	('M001163', '2024-11-12 08:09:41.067839+00', 'Doris O. Matsui', 'Doris', 'Matsui', NULL),
	('M001208', '2024-11-12 08:09:41.342709+00', 'Lucy McBath', 'Lucy', 'McBath', NULL),
	('M001143', '2024-11-12 08:09:41.631798+00', 'Betty McCollum', 'Betty', 'McCollum', NULL),
	('M001220', '2024-11-12 08:09:41.840994+00', 'Morgan McGarvey', 'Morgan', 'McGarvey', NULL),
	('M001137', '2024-11-12 08:09:42.390161+00', 'Gregory W. Meeks', 'Gregory', 'Meeks', NULL),
	('M001226', '2024-11-12 08:09:42.604433+00', 'Robert Menendez', 'Robert', 'Menendez', NULL),
	('M001188', '2024-11-12 08:09:42.821996+00', 'Grace Meng', 'Grace', 'Meng', NULL),
	('M000687', '2024-11-12 08:09:43.047427+00', 'Kweisi Mfume', 'Kweisi', 'Mfume', NULL),
	('M001160', '2024-11-12 08:09:43.299+00', 'Gwen Moore', 'Gwen', 'Moore', NULL),
	('M001206', '2024-11-12 08:09:43.511277+00', 'Joseph D. Morelle', 'Joseph', 'Morelle', NULL),
	('M001217', '2024-11-12 08:09:43.929684+00', 'Jared Moskowitz', 'Jared', 'Moskowitz', NULL),
	('M001196', '2024-11-12 08:09:44.321657+00', 'Seth Moulton', 'Seth', 'Moulton', NULL),
	('M001214', '2024-11-12 08:09:44.592619+00', 'Frank J. Mrvan', 'Frank', 'Mrvan', NULL),
	('M001225', '2024-11-12 08:09:44.811411+00', 'Kevin Mullin', 'Kevin', 'Mullin', NULL),
	('N000002', '2024-11-12 08:09:45.169954+00', 'Jerrold Nadler', 'Jerrold', 'Nadler', NULL),
	('N000179', '2024-11-12 08:09:45.516521+00', 'Grace F. Napolitano', 'Grace', 'Napolitano', NULL),
	('N000015', '2024-11-12 08:09:45.773402+00', 'Richard E. Neal', 'Richard', 'Neal', NULL),
	('N000191', '2024-11-12 08:09:46.032081+00', 'Joe Neguse', 'Joe', 'Neguse', NULL),
	('N000194', '2024-11-12 08:09:46.247233+00', 'Wiley Nickel', 'Wiley', 'Nickel', NULL),
	('N000188', '2024-11-12 08:09:46.514745+00', 'Donald Norcross', 'Donald', 'Norcross', NULL),
	('O000173', '2024-11-12 08:09:46.981605+00', 'Ilhan Omar', 'Ilhan', 'Omar', NULL),
	('P000034', '2024-11-12 08:09:47.242491+00', 'Frank Pallone, Jr.', 'Frank', 'Pallone', NULL),
	('P000613', '2024-11-12 08:09:47.52753+00', 'Jimmy Panetta', 'Jimmy', 'Panetta', NULL),
	('P000614', '2024-11-12 08:09:47.748382+00', 'Chris Pappas', 'Chris', 'Pappas', NULL),
	('P000096', '2024-11-12 08:09:48.08128+00', 'Bill Pascrell, Jr.', 'Bill', 'Pascrell', NULL),
	('P000604', '2024-11-12 08:09:48.307189+00', 'Donald M. Payne, Jr.', 'Donald', 'Payne', NULL),
	('P000197', '2024-11-12 08:09:48.670625+00', 'Nancy Pelosi', 'Nancy', 'Pelosi', NULL),
	('P000619', '2024-11-12 08:09:48.868299+00', 'Mary Sattler Peltola', 'Mary', 'Peltola', NULL),
	('G000600', '2024-11-12 08:09:49.092773+00', 'Marie Gluesenkamp Perez', 'Marie', 'Perez', NULL),
	('P000608', '2024-11-12 08:09:49.326977+00', 'Scott H. Peters', 'Scott', 'Peters', NULL),
	('P000620', '2024-11-12 08:09:49.540256+00', 'Brittany Pettersen', 'Brittany', 'Pettersen', NULL),
	('P000616', '2024-11-12 08:09:49.774596+00', 'Dean Phillips', 'Dean', 'Phillips', NULL),
	('P000597', '2024-11-12 08:09:50.015938+00', 'Chellie Pingree', 'Chellie', 'Pingree', NULL),
	('P000607', '2024-11-12 08:09:50.259718+00', 'Mark Pocan', 'Mark', 'Pocan', NULL),
	('P000618', '2024-11-12 08:09:50.483847+00', 'Katie Porter', 'Katie', 'Porter', NULL),
	('P000617', '2024-11-12 08:09:50.710745+00', 'Ayanna Pressley', 'Ayanna', 'Pressley', NULL),
	('Q000023', '2024-11-12 08:09:50.9505+00', 'Mike Quigley', 'Mike', 'Quigley', NULL),
	('R000617', '2024-11-12 08:09:51.191615+00', 'Delia C. Ramirez', 'Delia', 'Ramirez', NULL),
	('R000606', '2024-11-12 08:09:51.432729+00', 'Jamie Raskin', 'Jamie', 'Raskin', NULL),
	('R000305', '2024-11-12 08:09:51.672407+00', 'Deborah K. Ross', 'Deborah', 'Ross', NULL),
	('R000599', '2024-11-12 08:09:52.116389+00', 'Raul Ruiz', 'Raul', 'Ruiz', NULL),
	('R000576', '2024-11-12 08:09:52.364349+00', 'C. A. Dutch Ruppersberger', 'C.', 'Ruppersberger', NULL),
	('R000579', '2024-11-12 08:09:52.582743+00', 'Patrick Ryan', 'Patrick', 'Ryan', NULL),
	('S001226', '2024-11-12 08:09:52.799485+00', 'Andrea Salinas', 'Andrea', 'Salinas', NULL),
	('S001156', '2024-11-12 08:09:53.069288+00', 'Linda T. Sánchez', 'Linda', 'Sánchez', NULL),
	('S001168', '2024-11-12 08:09:53.325223+00', 'John P. Sarbanes', 'John', 'Sarbanes', NULL),
	('S001205', '2024-11-12 08:09:53.569108+00', 'Mary Gay Scanlon', 'Mary', 'Scanlon', NULL),
	('S001145', '2024-11-12 08:09:53.898309+00', 'Janice D. Schakowsky', 'Janice', 'Schakowsky', NULL),
	('S001150', '2024-11-12 08:09:54.156897+00', 'Adam B. Schiff', 'Adam', 'Schiff', NULL),
	('S001221', '2024-11-12 08:09:54.628256+00', 'Hillary J. Scholten', 'Hillary', 'Scholten', NULL),
	('S001216', '2024-11-12 08:09:54.840385+00', 'Kim Schrier', 'Kim', 'Schrier', NULL),
	('S000185', '2024-11-12 08:09:55.109585+00', 'Robert C. "Bobby" Scott', 'Robert', 'Scott', NULL),
	('S001157', '2024-11-12 08:09:55.343436+00', 'David Scott', 'David', 'Scott', NULL),
	('S001185', '2024-11-12 08:09:55.574188+00', 'Terri A. Sewell', 'Terri', 'Sewell', NULL),
	('S000344', '2024-11-12 08:09:55.815702+00', 'Brad Sherman', 'Brad', 'Sherman', NULL),
	('S001207', '2024-11-12 08:09:56.032906+00', 'Mikie Sherrill', 'Mikie', 'Sherrill', NULL),
	('S001208', '2024-11-12 08:09:56.255031+00', 'Elissa Slotkin', 'Elissa', 'Slotkin', NULL),
	('S000510', '2024-11-12 08:09:56.581088+00', 'Adam Smith', 'Adam', 'Smith', NULL),
	('S001225', '2024-11-12 08:09:56.808505+00', 'Eric Sorensen', 'Eric', 'Sorensen', NULL),
	('S001200', '2024-11-12 08:09:57.046384+00', 'Darren Soto', 'Darren', 'Soto', NULL),
	('S001209', '2024-11-12 08:09:57.280164+00', 'Abigail Davis Spanberger', 'Abigail', 'Spanberger', NULL),
	('S001218', '2024-11-12 08:09:57.499463+00', 'Melanie A. Stansbury', 'Melanie', 'Stansbury', NULL),
	('S001211', '2024-11-12 08:09:57.740858+00', 'Greg Stanton', 'Greg', 'Stanton', NULL),
	('S001215', '2024-11-12 08:09:57.961837+00', 'Haley M. Stevens', 'Haley', 'Stevens', NULL),
	('S001159', '2024-11-12 08:09:58.179033+00', 'Marilyn Strickland', 'Marilyn', 'Strickland', NULL),
	('S001193', '2024-11-12 08:09:58.40575+00', 'Eric Swalwell', 'Eric', 'Swalwell', NULL),
	('S001223', '2024-11-12 08:09:58.625317+00', 'Emilia Strong Sykes', 'Emilia', 'Sykes', NULL),
	('T000472', '2024-11-12 08:09:58.875295+00', 'Mark Takano', 'Mark', 'Takano', NULL),
	('T000488', '2024-11-12 08:09:59.086409+00', 'Shri Thanedar', 'Shri', 'Thanedar', NULL),
	('T000460', '2024-11-12 08:09:59.329615+00', 'Mike Thompson', 'Mike', 'Thompson', NULL),
	('T000468', '2024-11-12 08:09:59.832264+00', 'Dina Titus', 'Dina', 'Titus', NULL),
	('T000481', '2024-11-12 08:10:00.065116+00', 'Rashida Tlaib', 'Rashida', 'Tlaib', NULL),
	('T000487', '2024-11-12 08:10:00.286571+00', 'Jill N. Tokuda', 'Jill', 'Tokuda', NULL),
	('T000469', '2024-11-12 08:10:00.526124+00', 'Paul Tonko', 'Paul', 'Tonko', NULL),
	('T000474', '2024-11-12 08:10:00.746653+00', 'Norma J. Torres', 'Norma', 'Torres', NULL),
	('T000486', '2024-11-12 08:10:00.984469+00', 'Ritchie Torres', 'Ritchie', 'Torres', NULL),
	('T000482', '2024-11-12 08:10:01.200175+00', 'Lori Trahan', 'Lori', 'Trahan', NULL),
	('T000483', '2024-11-12 08:10:01.453609+00', 'David J. Trone', 'David', 'Trone', NULL),
	('U000040', '2024-11-12 08:10:01.685437+00', 'Lauren Underwood', 'Lauren', 'Underwood', NULL),
	('V000130', '2024-11-12 08:10:01.92535+00', 'Juan Vargas', 'Juan', 'Vargas', NULL),
	('V000136', '2024-11-12 08:10:02.123511+00', 'Gabe Vasquez', 'Gabe', 'Vasquez', NULL),
	('V000131', '2024-11-12 08:10:02.370586+00', 'Marc A. Veasey', 'Marc', 'Veasey', NULL),
	('V000081', '2024-11-12 08:10:02.627556+00', 'Nydia M. Velázquez', 'Nydia', 'Velázquez', NULL),
	('W000797', '2024-11-12 08:10:02.88601+00', 'Debbie Wasserman Schultz', 'Debbie', 'Wasserman Schultz', NULL),
	('W000187', '2024-11-12 08:10:03.15668+00', 'Maxine Waters', 'Maxine', 'Waters', NULL),
	('W000822', '2024-11-12 08:10:03.404162+00', 'Bonnie Watson Coleman', 'Bonnie', 'Watson Coleman', NULL),
	('W000825', '2024-11-12 08:10:03.644611+00', 'Jennifer Wexton', 'Jennifer', 'Wexton', NULL),
	('W000826', '2024-11-12 08:10:03.86302+00', 'Susan Wild', 'Susan', 'Wild', NULL),
	('W000788', '2024-11-12 08:10:04.122015+00', 'Nikema Williams', 'Nikema', 'Williams', NULL),
	('W000808', '2024-11-12 08:10:04.368442+00', 'Frederica S. Wilson', 'Frederica', 'Wilson', NULL),
	('L000551', '2024-11-12 08:09:38.435957+00', 'Barbara Lee', 'Barbara', 'Lee', NULL),
	('L000602', '2024-11-12 08:09:38.923024+00', 'Summer L. Lee', 'Summer', 'Lee', NULL),
	('A000055', '2024-11-12 08:10:05.571377+00', 'Robert B. Aderholt', 'Robert', 'Aderholt', NULL),
	('A000379', '2024-11-12 08:10:05.784128+00', 'Mark Alford', 'Mark', 'Alford', NULL),
	('A000372', '2024-11-12 08:10:06.013486+00', 'Rick W. Allen', 'Rick', 'Allen', NULL),
	('A000369', '2024-11-12 08:10:06.223992+00', 'Mark E. Amodei', 'Mark', 'Amodei', NULL),
	('A000377', '2024-11-12 08:10:06.446033+00', 'Kelly Armstrong', 'Kelly', 'Armstrong', NULL),
	('A000375', '2024-11-12 08:10:06.650601+00', 'Jodey C. Arrington', 'Jodey', 'Arrington', NULL),
	('B001291', '2024-11-12 08:10:06.902438+00', 'Brian Babin', 'Brian', 'Babin', NULL),
	('B001298', '2024-11-12 08:10:07.145946+00', 'Don Bacon', 'Don', 'Bacon', NULL),
	('B001307', '2024-11-12 08:10:07.351199+00', 'James R. Baird', 'James', 'Baird', NULL),
	('B001299', '2024-11-12 08:10:07.929617+00', 'Jim Banks', 'Jim', 'Banks', NULL),
	('B001282', '2024-11-12 08:10:08.173072+00', 'Andy Barr', 'Andy', 'Barr', NULL),
	('B001314', '2024-11-12 08:10:08.419373+00', 'Aaron Bean', 'Aaron', 'Bean', NULL),
	('B000668', '2024-11-12 08:10:08.623506+00', 'Cliff Bentz', 'Cliff', 'Bentz', NULL),
	('B001301', '2024-11-12 08:10:08.882791+00', 'Jack Bergman', 'Jack', 'Bergman', NULL),
	('B000740', '2024-11-12 08:10:09.132474+00', 'Stephanie I. Bice', 'Stephanie', 'Bice', NULL),
	('B001302', '2024-11-12 08:10:09.413642+00', 'Andy Biggs', 'Andy', 'Biggs', NULL),
	('B001257', '2024-11-12 08:10:09.697634+00', 'Gus M. Bilirakis', 'Gus', 'Bilirakis', NULL),
	('B001311', '2024-11-12 08:10:09.898014+00', 'Dan Bishop', 'Dan', 'Bishop', NULL),
	('B001295', '2024-11-12 08:10:10.333517+00', 'Mike Bost', 'Mike', 'Bost', NULL),
	('B001317', '2024-11-12 08:10:10.557012+00', 'Josh Brecheen', 'Josh', 'Brecheen', NULL),
	('B001260', '2024-11-12 08:10:10.798718+00', 'Vern Buchanan', 'Vern', 'Buchanan', NULL),
	('B001297', '2024-11-12 08:10:11.019805+00', 'Ken Buck', 'Ken', 'Buck', NULL),
	('B001275', '2024-11-12 08:10:11.244871+00', 'Larry Bucshon', 'Larry', 'Bucshon', NULL),
	('B001309', '2024-11-12 08:10:11.487575+00', 'Tim Burchett', 'Tim', 'Burchett', NULL),
	('B001248', '2024-11-12 08:10:11.815612+00', 'Michael C. Burgess', 'Michael', 'Burgess', NULL),
	('B001316', '2024-11-12 08:10:12.033166+00', 'Eric Burlison', 'Eric', 'Burlison', NULL),
	('C000059', '2024-11-12 08:10:12.364484+00', 'Ken Calvert', 'Ken', 'Calvert', NULL),
	('C001039', '2024-11-12 08:10:12.625806+00', 'Kat Cammack', 'Kat', 'Cammack', NULL),
	('C001126', '2024-11-12 08:10:13.061772+00', 'Mike Carey', 'Mike', 'Carey', NULL),
	('C001054', '2024-11-12 08:10:13.285051+00', 'Jerry L. Carl', 'Jerry', 'Carl', NULL),
	('C001103', '2024-11-12 08:10:13.553855+00', 'Earl L. "Buddy" Carter', 'Earl', 'Carter', NULL),
	('C001051', '2024-11-12 08:10:13.801333+00', 'John R. Carter', 'John', 'Carter', NULL),
	('C001135', '2024-11-12 08:10:14.045703+00', 'Lori Chavez-DeRemer', 'Lori', 'Chavez-DeRemer', NULL),
	('C001133', '2024-11-12 08:10:14.280129+00', 'Juan Ciscomani', 'Juan', 'Ciscomani', NULL),
	('C001118', '2024-11-12 08:10:14.480039+00', 'Ben Cline', 'Ben', 'Cline', NULL),
	('C001116', '2024-11-12 08:10:14.960443+00', 'Andrew S. Clyde', 'Andrew', 'Clyde', NULL),
	('C001053', '2024-11-12 08:10:15.187196+00', 'Tom Cole', 'Tom', 'Cole', NULL),
	('C001129', '2024-11-12 08:10:15.386604+00', 'Mike Collins', 'Mike', 'Collins', NULL),
	('C001108', '2024-11-12 08:10:15.618055+00', 'James Comer', 'James', 'Comer', NULL),
	('C001132', '2024-11-12 08:10:15.852929+00', 'Elijah Crane', 'Elijah', 'Crane', NULL),
	('C001087', '2024-11-12 08:10:16.091015+00', 'Eric A. "Rick" Crawford', 'Eric', 'Crawford', NULL),
	('C001120', '2024-11-12 08:10:16.296009+00', 'Dan Crenshaw', 'Dan', 'Crenshaw', NULL),
	('C001114', '2024-11-12 08:10:16.544959+00', 'John R. Curtis', 'John', 'Curtis', NULL),
	('D000632', '2024-11-12 08:10:16.800993+00', 'Anthony D''Esposito', 'Anthony', 'D''Esposito', NULL),
	('D000626', '2024-11-12 08:10:17.06563+00', 'Warren Davidson', 'Warren', 'Davidson', NULL),
	('D000594', '2024-11-12 08:10:17.284985+00', 'Monica De La Cruz', 'Monica', 'De La Cruz', NULL),
	('D000616', '2024-11-12 08:10:17.519764+00', 'Scott DesJarlais', 'Scott', 'DesJarlais', NULL),
	('D000600', '2024-11-12 08:10:17.791762+00', 'Mario Diaz-Balart', 'Mario', 'Diaz-Balart', NULL),
	('D000032', '2024-11-12 08:10:18.040229+00', 'Byron Donalds', 'Byron', 'Donalds', NULL),
	('D000633', '2024-11-12 08:10:18.259723+00', 'John S. Duarte', 'John', 'Duarte', NULL),
	('D000615', '2024-11-12 08:10:18.502861+00', 'Jeff Duncan', 'Jeff', 'Duncan', NULL),
	('D000628', '2024-11-12 08:10:18.722971+00', 'Neal P. Dunn', 'Neal', 'Dunn', NULL),
	('E000246', '2024-11-12 08:10:18.992827+00', 'Chuck Edwards', 'Chuck', 'Edwards', NULL),
	('E000071', '2024-11-12 08:10:19.222527+00', 'Jake Ellzey', 'Jake', 'Ellzey', NULL),
	('E000294', '2024-11-12 08:10:19.430348+00', 'Tom Emmer', 'Tom', 'Emmer', NULL),
	('E000235', '2024-11-12 08:10:19.874729+00', 'Mike Ezell', 'Mike', 'Ezell', NULL),
	('F000246', '2024-11-12 08:10:20.08884+00', 'Pat Fallon', 'Pat', 'Fallon', NULL),
	('F000446', '2024-11-12 08:10:20.306833+00', 'Randy Feenstra', 'Randy', 'Feenstra', NULL),
	('F000465', '2024-11-12 08:10:20.527435+00', 'A. Drew Ferguson IV', 'A.', 'Ferguson', NULL),
	('F000475', '2024-11-12 08:10:20.764871+00', 'Brad Finstad', 'Brad', 'Finstad', NULL),
	('F000470', '2024-11-12 08:10:20.983803+00', 'Michelle Fischbach', 'Michelle', 'Fischbach', NULL),
	('F000471', '2024-11-12 08:10:21.206567+00', 'Scott Fitzgerald', 'Scott', 'Fitzgerald', NULL),
	('F000466', '2024-11-12 08:10:21.530325+00', 'Brian K. Fitzpatrick', 'Brian', 'Fitzpatrick', NULL),
	('F000474', '2024-11-12 08:10:22.127954+00', 'Mike Flood', 'Mike', 'Flood', NULL),
	('F000450', '2024-11-12 08:10:22.373897+00', 'Virginia Foxx', 'Virginia', 'Foxx', NULL),
	('F000472', '2024-11-12 08:10:22.601208+00', 'C. Scott Franklin', 'C.', 'Franklin', NULL),
	('F000478', '2024-11-12 08:10:22.787929+00', 'Russell Fry', 'Russell', 'Fry', NULL),
	('F000469', '2024-11-12 08:10:23.000948+00', 'Russ Fulcher', 'Russ', 'Fulcher', NULL),
	('G000578', '2024-11-12 08:10:23.211499+00', 'Matt Gaetz', 'Matt', 'Gaetz', NULL),
	('G000579', '2024-11-12 08:10:23.42965+00', 'Mike Gallagher', 'Mike', 'Gallagher', NULL),
	('G000597', '2024-11-12 08:10:23.64492+00', 'Andrew R. Garbarino', 'Andrew', 'Garbarino', NULL),
	('G000061', '2024-11-12 08:10:23.845136+00', 'Mike Garcia', 'Mike', 'Garcia', NULL),
	('G000593', '2024-11-12 08:10:24.060074+00', 'Carlos A. Gimenez', 'Carlos', 'Gimenez', NULL),
	('G000594', '2024-11-12 08:10:24.274442+00', 'Tony Gonzales', 'Tony', 'Gonzales', NULL),
	('G000595', '2024-11-12 08:10:24.491942+00', 'Bob Good', 'Bob', 'Good', NULL),
	('G000589', '2024-11-12 08:10:24.708802+00', 'Lance Gooden', 'Lance', 'Gooden', NULL),
	('G000565', '2024-11-12 08:10:24.93517+00', 'Paul A. Gosar', 'Paul', 'Gosar', NULL),
	('G000377', '2024-11-12 08:10:25.166215+00', 'Kay Granger', 'Kay', 'Granger', NULL),
	('G000577', '2024-11-12 08:10:25.368475+00', 'Garret Graves', 'Garret', 'Graves', NULL),
	('G000546', '2024-11-12 08:10:25.592289+00', 'Sam Graves', 'Sam', 'Graves', NULL),
	('G000590', '2024-11-12 08:10:25.807721+00', 'Mark E. Green', 'Mark', 'Green', NULL),
	('G000596', '2024-11-12 08:10:26.02727+00', 'Marjorie Taylor Greene', 'Marjorie', 'Greene', NULL),
	('G000568', '2024-11-12 08:10:26.231496+00', 'H. Morgan Griffith', 'H.', 'Griffith', NULL),
	('G000576', '2024-11-12 08:10:26.466136+00', 'Glenn Grothman', 'Glenn', 'Grothman', NULL),
	('G000591', '2024-11-12 08:10:26.711958+00', 'Michael Guest', 'Michael', 'Guest', NULL),
	('G000558', '2024-11-12 08:10:26.946623+00', 'Brett Guthrie', 'Brett', 'Guthrie', NULL),
	('H001096', '2024-11-12 08:10:27.161934+00', 'Harriet M. Hageman', 'Harriet', 'Hageman', NULL),
	('H001052', '2024-11-12 08:10:27.414611+00', 'Andy Harris', 'Andy', 'Harris', NULL),
	('H001086', '2024-11-12 08:10:27.651836+00', 'Diana Harshbarger', 'Diana', 'Harshbarger', NULL),
	('H001082', '2024-11-12 08:10:27.850444+00', 'Kevin Hern', 'Kevin', 'Hern', NULL),
	('H001077', '2024-11-12 08:10:28.086908+00', 'Clay Higgins', 'Clay', 'Higgins', NULL),
	('H001072', '2024-11-12 08:10:28.308501+00', 'J. French Hill', 'J.', 'Hill', NULL),
	('H001091', '2024-11-12 08:10:28.518828+00', 'Ashley Hinson', 'Ashley', 'Hinson', NULL),
	('H001067', '2024-11-12 08:10:28.980828+00', 'Richard Hudson', 'Richard', 'Hudson', NULL),
	('H001058', '2024-11-12 08:10:29.205008+00', 'Bill Huizenga', 'Bill', 'Huizenga', NULL),
	('H001095', '2024-11-12 08:10:29.425875+00', 'Wesley Hunt', 'Wesley', 'Hunt', NULL),
	('I000056', '2024-11-12 08:10:29.663137+00', 'Darrell Issa', 'Darrell', 'Issa', NULL),
	('J000304', '2024-11-12 08:10:29.868743+00', 'Ronny Jackson', 'Ronny', 'Jackson', NULL),
	('J000307', '2024-11-12 08:10:30.065294+00', 'John James', 'John', 'James', NULL),
	('P000615', '2024-11-12 08:10:05.057534+00', 'Greg Pence', 'Greg', 'Pence', NULL),
	('S001214', '2024-11-12 08:10:05.28559+00', 'W. Gregory Steube', 'W.', 'Steube', NULL),
	('J000289', '2024-11-12 08:10:31.010256+00', 'Jim Jordan', 'Jim', 'Jordan', NULL),
	('J000295', '2024-11-12 08:10:31.235148+00', 'David P. Joyce', 'David', 'Joyce', NULL),
	('J000302', '2024-11-12 08:10:31.437551+00', 'John Joyce', 'John', 'Joyce', NULL),
	('K000398', '2024-11-12 08:10:31.649552+00', 'Thomas H. Kean, Jr.', 'Thomas', 'Kean', NULL),
	('K000388', '2024-11-12 08:10:31.879711+00', 'Trent Kelly', 'Trent', 'Kelly', NULL),
	('K000376', '2024-11-12 08:10:32.113588+00', 'Mike Kelly', 'Mike', 'Kelly', NULL),
	('K000401', '2024-11-12 08:10:32.551273+00', 'Kevin Kiley', 'Kevin', 'Kiley', NULL),
	('K000397', '2024-11-12 08:10:32.785989+00', 'Young Kim', 'Young', 'Kim', NULL),
	('K000392', '2024-11-12 08:10:33.006928+00', 'David Kustoff', 'David', 'Kustoff', NULL),
	('L000585', '2024-11-12 08:10:33.23095+00', 'Darin LaHood', 'Darin', 'LaHood', NULL),
	('L000598', '2024-11-12 08:10:33.447832+00', 'Nick LaLota', 'Nick', 'LaLota', NULL),
	('L000578', '2024-11-12 08:10:33.687895+00', 'Doug LaMalfa', 'Doug', 'LaMalfa', NULL),
	('L000564', '2024-11-12 08:10:33.924919+00', 'Doug Lamborn', 'Doug', 'Lamborn', NULL),
	('L000600', '2024-11-12 08:10:34.120497+00', 'Nicholas A. Langworthy', 'Nicholas', 'Langworthy', NULL),
	('L000566', '2024-11-12 08:10:34.356033+00', 'Robert E. Latta', 'Robert', 'Latta', NULL),
	('L000266', '2024-11-12 08:10:34.566222+00', 'Jake LaTurner', 'Jake', 'LaTurner', NULL),
	('L000599', '2024-11-12 08:10:34.773467+00', 'Michael Lawler', 'Michael', 'Lawler', NULL),
	('L000597', '2024-11-12 08:10:34.990369+00', 'Laurel M. Lee', 'Laurel', 'Lee', NULL),
	('L000589', '2024-11-12 08:10:35.226638+00', 'Debbie Lesko', 'Debbie', 'Lesko', NULL),
	('L000595', '2024-11-12 08:10:35.426026+00', 'Julia Letlow', 'Julia', 'Letlow', NULL),
	('L000583', '2024-11-12 08:10:35.671397+00', 'Barry Loudermilk', 'Barry', 'Loudermilk', NULL),
	('L000491', '2024-11-12 08:10:35.906274+00', 'Frank D. Lucas', 'Frank', 'Lucas', NULL),
	('L000596', '2024-11-12 08:10:36.376148+00', 'Anna Paulina Luna', 'Anna Paulina', 'Luna', NULL),
	('L000603', '2024-11-12 08:10:36.58668+00', 'Morgan Luttrell', 'Morgan', 'Luttrell', NULL),
	('M000194', '2024-11-12 08:10:36.818555+00', 'Nancy Mace', 'Nancy', 'Mace', NULL),
	('M000317', '2024-11-12 08:10:37.045111+00', 'Nicole Malliotakis', 'Nicole', 'Malliotakis', NULL),
	('M000871', '2024-11-12 08:10:37.269784+00', 'Tracey Mann', 'Tracey', 'Mann', NULL),
	('M001184', '2024-11-12 08:10:37.500462+00', 'Thomas Massie', 'Thomas', 'Massie', NULL),
	('M001199', '2024-11-12 08:10:37.719416+00', 'Brian J. Mast', 'Brian', 'Mast', NULL),
	('M001165', '2024-11-12 08:10:37.948532+00', 'Kevin McCarthy', 'Kevin', 'McCarthy', NULL),
	('M001157', '2024-11-12 08:10:38.191714+00', 'Michael T. McCaul', 'Michael', 'McCaul', NULL),
	('M001136', '2024-11-12 08:10:38.409755+00', 'Lisa C. McClain', 'Lisa', 'McClain', NULL),
	('M001177', '2024-11-12 08:10:38.649555+00', 'Tom McClintock', 'Tom', 'McClintock', NULL),
	('M001218', '2024-11-12 08:10:38.868417+00', 'Richard McCormick', 'Richard', 'McCormick', NULL),
	('M001156', '2024-11-12 08:10:39.104728+00', 'Patrick T. McHenry', 'Patrick', 'McHenry', NULL),
	('M001204', '2024-11-12 08:10:39.325458+00', 'Daniel Meuser', 'Daniel', 'Meuser', NULL),
	('M001211', '2024-11-12 08:10:39.535015+00', 'Mary E. Miller', 'Mary', 'Miller', NULL),
	('M001222', '2024-11-12 08:10:39.749493+00', 'Max L. Miller', 'Max', 'Miller', NULL),
	('M001205', '2024-11-12 08:10:39.970248+00', 'Carol D. Miller', 'Carol', 'Miller', NULL),
	('M001216', '2024-11-12 08:10:40.426366+00', 'Cory Mills', 'Cory', 'Mills', NULL),
	('M001221', '2024-11-12 08:10:40.670224+00', 'Marcus J. Molinaro', 'Marcus', 'Molinaro', NULL),
	('M001194', '2024-11-12 08:10:40.87726+00', 'John R. Moolenaar', 'John', 'Moolenaar', NULL),
	('M001195', '2024-11-12 08:10:41.116669+00', 'Alexander X. Mooney', 'Alexander', 'Mooney', NULL),
	('M001212', '2024-11-12 08:10:41.341328+00', 'Barry Moore', 'Barry', 'Moore', NULL),
	('M001213', '2024-11-12 08:10:41.545597+00', 'Blake D. Moore', 'Blake', 'Moore', NULL),
	('M001224', '2024-11-12 08:10:41.745104+00', 'Nathaniel Moran', 'Nathaniel', 'Moran', NULL),
	('M001210', '2024-11-12 08:10:41.958369+00', 'Gregory F. Murphy', 'Gregory', 'Murphy', NULL),
	('N000026', '2024-11-12 08:10:42.193909+00', 'Troy E. Nehls', 'Troy', 'Nehls', NULL),
	('N000189', '2024-11-12 08:10:42.403426+00', 'Dan Newhouse', 'Dan', 'Newhouse', NULL),
	('N000190', '2024-11-12 08:10:42.639906+00', 'Ralph Norman', 'Ralph', 'Norman', NULL),
	('N000193', '2024-11-12 08:10:43.016181+00', 'Zachary Nunn', 'Zachary', 'Nunn', NULL),
	('O000019', '2024-11-12 08:10:43.240699+00', 'Jay Obernolte', 'Jay', 'Obernolte', NULL),
	('O000175', '2024-11-12 08:10:43.465033+00', 'Andrew Ogles', 'Andrew', 'Ogles', NULL),
	('O000086', '2024-11-12 08:10:43.661442+00', 'Burgess Owens', 'Burgess', 'Owens', NULL),
	('P000609', '2024-11-12 08:10:43.886379+00', 'Gary J. Palmer', 'Gary', 'Palmer', NULL),
	('P000605', '2024-11-12 08:10:44.128185+00', 'Scott Perry', 'Scott', 'Perry', NULL),
	('P000048', '2024-11-12 08:10:44.35107+00', 'August Pfluger', 'August', 'Pfluger', NULL),
	('P000599', '2024-11-12 08:10:44.583433+00', 'Bill Posey', 'Bill', 'Posey', NULL),
	('R000610', '2024-11-12 08:10:44.802832+00', 'Guy Reschenthaler', 'Guy', 'Reschenthaler', NULL),
	('M001159', '2024-11-12 08:10:45.046121+00', 'Cathy McMorris Rodgers', 'Cathy', 'Rodgers', NULL),
	('R000575', '2024-11-12 08:10:45.260357+00', 'Mike Rogers', 'Mike', 'Rogers', NULL),
	('R000395', '2024-11-12 08:10:45.493552+00', 'Harold Rogers', 'Harold', 'Rogers', NULL),
	('R000612', '2024-11-12 08:10:45.709664+00', 'John W. Rose', 'John', 'Rose', NULL),
	('R000103', '2024-11-12 08:10:45.940315+00', 'Matthew M. Rosendale, Sr.', 'Matthew', 'Rosendale', NULL),
	('R000603', '2024-11-12 08:10:46.165558+00', 'David Rouzer', 'David', 'Rouzer', NULL),
	('R000614', '2024-11-12 08:10:46.383913+00', 'Chip Roy', 'Chip', 'Roy', NULL),
	('S000168', '2024-11-12 08:10:46.798202+00', 'Maria Elvira Salazar', 'Maria', 'Salazar', NULL),
	('S001222', '2024-11-12 08:10:47.007825+00', 'George Santos', 'George', 'Santos', NULL),
	('S001176', '2024-11-12 08:10:47.244615+00', 'Steve Scalise', 'Steve', 'Scalise', NULL),
	('S001183', '2024-11-12 08:10:47.446126+00', 'David Schweikert', 'David', 'Schweikert', NULL),
	('S001189', '2024-11-12 08:10:47.67613+00', 'Austin Scott', 'Austin', 'Scott', NULL),
	('S001224', '2024-11-12 08:10:47.896423+00', 'Keith Self', 'Keith', 'Self', NULL),
	('S000250', '2024-11-12 08:10:48.135791+00', 'Pete Sessions', 'Pete', 'Sessions', NULL),
	('S001148', '2024-11-12 08:10:48.456196+00', 'Michael K. Simpson', 'Michael', 'Simpson', NULL),
	('S001195', '2024-11-12 08:10:48.671306+00', 'Jason Smith', 'Jason', 'Smith', NULL),
	('S001172', '2024-11-12 08:10:48.90684+00', 'Adrian Smith', 'Adrian', 'Smith', NULL),
	('S000522', '2024-11-12 08:10:49.184002+00', 'Christopher H. Smith', 'Christopher', 'Smith', NULL),
	('S001199', '2024-11-12 08:10:49.414157+00', 'Lloyd Smucker', 'Lloyd', 'Smucker', NULL),
	('S000929', '2024-11-12 08:10:49.603003+00', 'Victoria Spartz', 'Victoria', 'Spartz', NULL),
	('S001212', '2024-11-12 08:10:49.828901+00', 'Pete Stauber', 'Pete', 'Stauber', NULL),
	('S001135', '2024-11-12 08:10:50.070406+00', 'Michelle Steel', 'Michelle', 'Steel', NULL),
	('S001196', '2024-11-12 08:10:50.43742+00', 'Elise M. Stefanik', 'Elise', 'Stefanik', NULL),
	('S001213', '2024-11-12 08:10:50.680651+00', 'Bryan Steil', 'Bryan', 'Steil', NULL),
	('S001192', '2024-11-12 08:10:50.918119+00', 'Chris Stewart', 'Chris', 'Stewart', NULL),
	('S001220', '2024-11-12 08:10:51.132838+00', 'Dale W. Strong', 'Dale', 'Strong', NULL),
	('T000478', '2024-11-12 08:10:51.343409+00', 'Claudia Tenney', 'Claudia', 'Tenney', NULL),
	('T000467', '2024-11-12 08:10:51.66278+00', 'Glenn Thompson', 'Glenn', 'Thompson', NULL),
	('T000480', '2024-11-12 08:10:52.098912+00', 'William R. Timmons IV', 'William', 'Timmons', NULL),
	('T000463', '2024-11-12 08:10:52.404169+00', 'Michael R. Turner', 'Michael', 'Turner', NULL),
	('V000129', '2024-11-12 08:10:52.63868+00', 'David G. Valadao', 'David', 'Valadao', NULL),
	('V000133', '2024-11-12 08:10:52.870669+00', 'Jefferson Van Drew', 'Jefferson', 'Van Drew', NULL),
	('V000134', '2024-11-12 08:10:53.085269+00', 'Beth Van Duyne', 'Beth', 'Van Duyne', NULL),
	('V000135', '2024-11-12 08:10:53.294329+00', 'Derrick Van Orden', 'Derrick', 'Van Orden', NULL),
	('W000812', '2024-11-12 08:10:53.520636+00', 'Ann Wagner', 'Ann', 'Wagner', NULL),
	('W000798', '2024-11-12 08:10:53.746936+00', 'Tim Walberg', 'Tim', 'Walberg', NULL),
	('W000823', '2024-11-12 08:10:53.944506+00', 'Michael Waltz', 'Michael', 'Waltz', NULL),
	('W000814', '2024-11-12 08:10:54.194488+00', 'Randy K. Weber, Sr.', 'Randy', 'Weber', NULL),
	('W000806', '2024-11-12 08:10:54.4142+00', 'Daniel Webster', 'Daniel', 'Webster', NULL),
	('J000292', '2024-11-12 08:10:30.520733+00', 'Bill Johnson', 'Bill', 'Johnson', NULL),
	('J000301', '2024-11-12 08:10:30.767128+00', 'Dusty Johnson', 'Dusty', 'Johnson', NULL),
	('VP', '2024-11-12 08:33:15.699157+00', 'Sitting Vice President', '', '', NULL),
	('W000828', '2024-11-12 08:10:55.097421+00', 'Brandon Williams', 'Brandon', 'Williams', NULL),
	('W000816', '2024-11-12 08:10:55.328607+00', 'Roger Williams', 'Roger', 'Williams', NULL),
	('W000795', '2024-11-12 08:10:55.567329+00', 'Joe Wilson', 'Joe', 'Wilson', NULL),
	('W000804', '2024-11-12 08:10:55.808547+00', 'Robert J. Wittman', 'Robert', 'Wittman', NULL),
	('W000809', '2024-11-12 08:10:56.030955+00', 'Steve Womack', 'Steve', 'Womack', NULL),
	('Y000067', '2024-11-12 08:10:56.24567+00', 'Rudy Yakym III', 'Rudy', 'Yakym', NULL),
	('Z000018', '2024-11-12 08:10:56.459341+00', 'Ryan K. Zinke', 'Ryan', 'Zinke', NULL),
	('N000147', '2024-11-12 08:10:56.732503+00', 'Eleanor Holmes Norton', 'Eleanor', 'Norton', NULL),
	('P000610', '2024-11-12 08:10:57.046537+00', 'Stacey E. Plaskett', 'Stacey', 'Plaskett', NULL),
	('S001177', '2024-11-12 08:10:57.373691+00', 'Gregorio Kilili Camacho Sablan', 'Gregorio', 'Sablan', NULL),
	('G000582', '2024-11-12 08:10:57.664224+00', 'Jenniffer González-Colón', 'Jenniffer', 'González-Colón', NULL),
	('R000600', '2024-11-12 08:10:58.103822+00', 'Aumua Amata Coleman Radewagen', 'Aumua Amata', 'Radewagen', NULL),
	('M001219', '2024-11-12 08:10:58.439334+00', 'James C. Moylan', 'James', 'Moylan', NULL),
	('M001227', '2024-11-12 08:10:58.654582+00', 'Jennifer L. McClellan', 'Jennifer', 'McClellan', NULL),
	('A000380', '2024-11-12 08:10:58.873141+00', 'Gabe Amo', 'Gabe', 'Amo', NULL),
	('M001228', '2024-11-12 08:10:59.078043+00', 'Celeste Maloy', 'Celeste', 'Maloy', NULL),
	('B001261', '2024-11-12 08:35:53.543639+00', 'John Barrasso', 'John', 'Barrasso', NULL),
	('B001267', '2024-11-12 08:35:53.784715+00', 'Michael F. Bennet', 'Michael', 'Bennet', NULL),
	('A000371', '2024-11-12 08:09:11.888905+00', 'Pete Aguilar', 'Pete', 'Aguilar', NULL),
	('C001066', '2024-11-12 08:09:18.484498+00', 'Kathy Castor', 'Kathy', 'Castor', NULL),
	('C001130', '2024-11-12 08:09:22.132798+00', 'Jasmine Crockett', 'Jasmine', 'Crockett', NULL),
	('G000574', '2024-11-12 08:09:28.14297+00', 'Ruben Gallego', 'Ruben', 'Gallego', NULL),
	('J000309', '2024-11-12 08:09:33.082093+00', 'Jonathan L. Jackson', 'Jonathan', 'Jackson', NULL),
	('L000590', '2024-11-12 08:09:38.701985+00', 'Susie Lee', 'Susie', 'Lee', NULL),
	('M000312', '2024-11-12 08:09:42.132102+00', 'James P. McGovern', 'James', 'McGovern', NULL),
	('O000172', '2024-11-12 08:09:46.74588+00', 'Alexandria Ocasio-Cortez', 'Alexandria', 'Ocasio-Cortez', NULL),
	('S001190', '2024-11-12 08:09:54.390435+00', 'Bradley Scott Schneider', 'Bradley', 'Schneider', NULL),
	('T000193', '2024-11-12 08:09:59.581807+00', 'Bennie G. Thompson', 'Bennie', 'Thompson', NULL),
	('G000586', '2024-11-12 08:10:04.604318+00', 'Jesús G. "Chuy" García', 'Jesús', 'García', NULL),
	('G000599', '2024-11-12 08:10:04.838597+00', 'Daniel S. Goldman', 'Daniel', 'Goldman', NULL),
	('B000825', '2024-11-12 08:10:10.123231+00', 'Lauren Boebert', 'Lauren', 'Boebert', NULL),
	('C001115', '2024-11-12 08:10:14.709144+00', 'Michael Cloud', 'Michael', 'Cloud', NULL),
	('E000298', '2024-11-12 08:10:19.65719+00', 'Ron Estes', 'Ron', 'Estes', NULL),
	('F000459', '2024-11-12 08:10:21.763254+00', 'Charles J. "Chuck" Fleischmann', 'Charles', 'Fleischmann', NULL),
	('H001093', '2024-11-12 08:10:28.73673+00', 'Erin Houchin', 'Erin', 'Houchin', NULL),
	('J000299', '2024-11-12 08:10:30.293845+00', 'Mike Johnson', 'Mike', 'Johnson', NULL),
	('K000399', '2024-11-12 08:10:32.329986+00', 'Jennifer Kiggans', 'Jennifer', 'Kiggans', NULL),
	('L000569', '2024-11-12 08:10:36.159911+00', 'Blaine Luetkemeyer', 'Blaine', 'Luetkemeyer', NULL),
	('M001215', '2024-11-12 08:10:40.215675+00', 'Mariannette Miller-Meeks', 'Mariannette', 'Miller-Meeks', NULL),
	('R000609', '2024-11-12 08:10:46.580969+00', 'John H. Rutherford', 'John', 'Rutherford', NULL),
	('T000165', '2024-11-12 08:10:51.879988+00', 'Thomas P. Tiffany', 'Thomas', 'Tiffany', NULL),
	('W000815', '2024-11-12 08:10:54.655126+00', 'Brad R. Wenstrup', 'Brad', 'Wenstrup', NULL),
	('W000821', '2024-11-12 08:10:54.873317+00', 'Bruce Westerman', 'Bruce', 'Westerman', NULL),
	('B001243', '2024-11-12 08:35:54.052161+00', 'Marsha Blackburn', 'Marsha', 'Blackburn', NULL),
	('B001236', '2024-11-12 08:35:54.303158+00', 'John Boozman', 'John', 'Boozman', NULL),
	('B001310', '2024-11-12 08:35:54.52183+00', 'Mike Braun', 'Mike', 'Braun', NULL),
	('B001319', '2024-11-12 08:35:54.724444+00', 'Katie Boyd Britt', 'Katie', 'Britt', NULL),
	('B001305', '2024-11-12 08:35:54.974177+00', 'Ted Budd', 'Ted', 'Budd', NULL),
	('C001075', '2024-11-12 08:35:55.233213+00', 'Bill Cassidy', 'Bill', 'Cassidy', NULL),
	('C001095', '2024-11-12 08:35:55.44887+00', 'Tom Cotton', 'Tom', 'Cotton', NULL),
	('C001096', '2024-11-12 08:35:55.699621+00', 'Kevin Cramer', 'Kevin', 'Cramer', NULL),
	('C000880', '2024-11-12 08:35:55.943201+00', 'Mike Crapo', 'Mike', 'Crapo', NULL),
	('C001098', '2024-11-12 08:35:56.191281+00', 'Ted Cruz', 'Ted', 'Cruz', NULL),
	('D000618', '2024-11-12 08:35:56.404581+00', 'Steve Daines', 'Steve', 'Daines', NULL),
	('F000463', '2024-11-12 08:35:56.621312+00', 'Deb Fischer', 'Deb', 'Fischer', NULL),
	('H000601', '2024-11-12 08:35:56.853546+00', 'Bill Hagerty', 'Bill', 'Hagerty', NULL),
	('H001089', '2024-11-12 08:35:57.077807+00', 'Josh Hawley', 'Josh', 'Hawley', NULL),
	('H000273', '2024-11-12 08:35:57.302554+00', 'John W. Hickenlooper', 'John', 'Hickenlooper', NULL),
	('H001061', '2024-11-12 08:35:57.532065+00', 'John Hoeven', 'John', 'Hoeven', NULL),
	('H001079', '2024-11-12 08:35:57.762323+00', 'Cindy Hyde-Smith', 'Cindy', 'Hyde-Smith', NULL),
	('J000293', '2024-11-12 08:35:57.998952+00', 'Ron Johnson', 'Ron', 'Johnson', NULL),
	('K000393', '2024-11-12 08:35:58.233431+00', 'John Kennedy', 'John', 'Kennedy', NULL),
	('L000575', '2024-11-12 08:35:58.470375+00', 'James Lankford', 'James', 'Lankford', NULL),
	('L000571', '2024-11-12 08:35:58.69995+00', 'Cynthia M. Lummis', 'Cynthia', 'Lummis', NULL),
	('M001198', '2024-11-12 08:35:58.920908+00', 'Roger Marshall', 'Roger', 'Marshall', NULL),
	('M001190', '2024-11-12 08:35:59.159651+00', 'Markwayne Mullin', 'Markwayne', 'Mullin', NULL),
	('P000603', '2024-11-12 08:35:59.396322+00', 'Rand Paul', 'Rand', 'Paul', NULL),
	('R000618', '2024-11-12 08:35:59.621422+00', 'Pete Ricketts', 'Pete', 'Ricketts', NULL),
	('R000595', '2024-11-12 08:35:59.871647+00', 'Marco Rubio', 'Marco', 'Rubio', NULL),
	('S001217', '2024-11-12 08:36:00.31092+00', 'Rick Scott', 'Rick', 'Scott', NULL),
	('S001184', '2024-11-12 08:36:00.539289+00', 'Tim Scott', 'Tim', 'Scott', NULL),
	('S001198', '2024-11-12 08:36:00.817256+00', 'Dan Sullivan', 'Dan', 'Sullivan', NULL),
	('T000250', '2024-11-12 08:36:01.085348+00', 'John Thune', 'John', 'Thune', NULL),
	('T000278', '2024-11-12 08:36:01.341088+00', 'Tommy Tuberville', 'Tommy', 'Tuberville', NULL),
	('V000137', '2024-11-12 08:36:01.566376+00', 'J. D. Vance', 'J.', 'Vance', NULL),
	('K000383', '2024-11-12 08:36:01.831887+00', 'Angus S. King Jr.', 'Angus', 'King', NULL),
	('L000577', '2024-11-12 08:36:02.081639+00', 'Mike Lee', 'Mike', 'Lee', NULL),
	('M001153', '2024-11-12 08:36:02.443183+00', 'Lisa Murkowski', 'Lisa', 'Murkowski', NULL),
	('P000145', '2024-11-12 08:36:02.677545+00', 'Alex Padilla', 'Alex', 'Padilla', NULL),
	('R000584', '2024-11-12 08:36:02.941601+00', 'James E. Risch', 'James', 'Risch', NULL),
	('B001230', '2024-11-12 08:36:03.322292+00', 'Tammy Baldwin', 'Tammy', 'Baldwin', NULL),
	('B001277', '2024-11-12 08:36:03.591363+00', 'Richard Blumenthal', 'Richard', 'Blumenthal', NULL),
	('B001288', '2024-11-12 08:36:03.864346+00', 'Cory A. Booker', 'Cory', 'Booker', NULL),
	('B000944', '2024-11-12 08:36:04.155802+00', 'Sherrod Brown', 'Sherrod', 'Brown', NULL),
	('C000127', '2024-11-12 08:36:04.407442+00', 'Maria Cantwell', 'Maria', 'Cantwell', NULL),
	('C000141', '2024-11-12 08:36:04.987065+00', 'Benjamin L. Cardin', 'Ben', 'Cardin', NULL),
	('C000174', '2024-11-12 08:36:05.243162+00', 'Thomas R. Carper', 'Thomas', 'Carper', NULL),
	('C001070', '2024-11-12 08:36:05.501048+00', 'Robert P. Casey Jr.', 'Bob', 'Casey', NULL),
	('C001035', '2024-11-12 08:36:05.760595+00', 'Susan M. Collins', 'Susan', 'Collins', NULL),
	('C001088', '2024-11-12 08:36:06.020931+00', 'Christopher A. Coons', 'Christopher', 'Coons', NULL),
	('C001056', '2024-11-12 08:36:06.446079+00', 'John Cornyn', 'John', 'Cornyn', NULL),
	('C001113', '2024-11-12 08:36:06.678524+00', 'Catherine Cortez Masto', 'Catherine', 'Cortez Masto', NULL),
	('D000622', '2024-11-12 08:36:06.931608+00', 'Tammy Duckworth', 'Tammy', 'Duckworth', NULL),
	('D000563', '2024-11-12 08:36:07.219731+00', 'Richard J. Durbin', 'Richard', 'Durbin', NULL),
	('E000295', '2024-11-12 08:36:07.476735+00', 'Joni Ernst', 'Joni', 'Ernst', NULL),
	('A000370', '2024-11-12 08:09:11.66499+00', 'Alma S. Adams', 'Alma', 'Adams', NULL),
	('A000148', '2024-11-12 08:09:12.334285+00', 'Jake Auchincloss', 'Jake', 'Auchincloss', NULL),
	('B001306', '2024-11-12 08:10:07.600903+00', 'Troy Balderson', 'Troy', 'Balderson', NULL),
	('S001227', '2024-11-12 08:36:00.085185+00', 'Eric Schmitt', 'Eric', 'Schmitt', NULL),
	('C001047', '2024-11-12 08:36:04.670725+00', 'Shelley Moore Capito', 'Shelley', 'Capito', NULL),
	('F000062', '2024-11-12 08:40:42.548526+00', 'Dianne Feinstein', 'Dianne', 'Feinstein', NULL),
	('F000479', '2024-11-12 08:40:42.77447+00', 'John Fetterman', 'John', 'Fetterman', NULL),
	('G000555', '2024-11-12 08:40:43.05075+00', 'Kirsten E. Gillibrand', 'Kirsten', 'Gillibrand', NULL),
	('G000359', '2024-11-12 08:40:43.403147+00', 'Lindsey Graham', 'Lindsey', 'Graham', NULL),
	('G000386', '2024-11-12 08:40:43.922352+00', 'Chuck Grassley', 'Chuck', 'Grassley', NULL),
	('H001076', '2024-11-12 08:40:44.133021+00', 'Margaret Wood Hassan', 'Maggie', 'Hassan', NULL),
	('H001046', '2024-11-12 08:40:44.403166+00', 'Martin Heinrich', 'Martin', 'Heinrich', NULL),
	('H001042', '2024-11-12 08:40:44.659093+00', 'Mazie K. Hirono', 'Mazie', 'Hirono', NULL),
	('K000384', '2024-11-12 08:40:44.89637+00', 'Tim Kaine', 'Timothy', 'Kaine', NULL),
	('K000377', '2024-11-12 08:40:45.113483+00', 'Mark Kelly', 'Mark', 'Kelly', NULL),
	('K000367', '2024-11-12 08:40:45.378511+00', 'Amy Klobuchar', 'Amy', 'Klobuchar', NULL),
	('L000570', '2024-11-12 08:40:45.664455+00', 'Ben Ray Lujan', 'Ben', 'Lujan', NULL),
	('M001183', '2024-11-12 08:40:45.904321+00', 'Joe Manchin III', 'Joseph', 'Manchin', NULL),
	('M000133', '2024-11-12 08:40:46.197559+00', 'Edward J. Markey', 'Edward', 'Markey', NULL),
	('M000355', '2024-11-12 08:40:46.445821+00', 'Mitch McConnell', 'Mitch', 'McConnell', NULL),
	('M000639', '2024-11-12 08:44:54.993929+00', 'Robert Menendez', 'Robert', 'Menendez', NULL),
	('M001176', '2024-11-12 08:44:55.258238+00', 'Jeff Merkley', 'Jeff', 'Merkley', NULL),
	('M000934', '2024-11-12 08:44:55.521227+00', 'Jerry Moran', 'Jerry', 'Moran', NULL),
	('M001169', '2024-11-12 08:44:55.741421+00', 'Christopher Murphy', 'Christopher', 'Murphy', NULL),
	('M001111', '2024-11-12 08:44:56.078412+00', 'Patty Murray', 'Patty', 'Murray', NULL),
	('O000174', '2024-11-12 08:44:56.310365+00', 'Jon Ossoff', 'Jon', 'Ossoff', NULL),
	('P000595', '2024-11-12 08:44:56.544268+00', 'Gary C. Peters', 'Gary', 'Peters', NULL),
	('R000122', '2024-11-12 08:44:56.804445+00', 'Jack Reed', 'John', 'Reed', NULL),
	('R000615', '2024-11-12 08:44:57.057467+00', 'Mitt Romney', 'Mitt', 'Romney', NULL),
	('R000608', '2024-11-12 08:44:57.297467+00', 'Jacky Rosen', 'Jacklyn', 'Rosen', NULL),
	('R000605', '2024-11-12 08:44:57.534868+00', 'Mike Rounds', 'Mike', 'Rounds', NULL),
	('S000033', '2024-11-12 08:44:57.8273+00', 'Bernard Sanders', 'Bernard', 'Sanders', NULL),
	('S001194', '2024-11-12 08:44:58.041587+00', 'Brian Schatz', 'Brian', 'Schatz', NULL),
	('S000148', '2024-11-12 08:44:58.561542+00', 'Charles E. Schumer', 'Charles', 'Schumer', NULL),
	('S001181', '2024-11-12 08:44:58.821512+00', 'Jeanne Shaheen', 'Jeanne', 'Shaheen', NULL),
	('S001191', '2024-11-12 08:44:59.143169+00', 'Kyrsten Sinema', 'Kyrsten', 'Sinema', NULL),
	('S001203', '2024-11-12 08:44:59.377357+00', 'Tina Smith', 'Tina', 'Smith', NULL),
	('S000770', '2024-11-12 08:44:59.710794+00', 'Debbie Stabenow', 'Debbie', 'Stabenow', NULL),
	('T000464', '2024-11-12 08:44:59.943056+00', 'Jon Tester', 'Jon', 'Tester', NULL),
	('T000476', '2024-11-12 08:45:00.222461+00', 'Thom Tillis', 'Thomas', 'Tillis', NULL),
	('V000128', '2024-11-12 08:45:00.489156+00', 'Chris Van Hollen', 'Chris', 'Van Hollen', NULL),
	('W000805', '2024-11-12 08:45:00.749917+00', 'Mark R. Warner', 'Mark', 'Warner', NULL),
	('W000790', '2024-11-12 08:45:00.98882+00', 'Raphael G. Warnock', 'Raphael', 'Warnock', NULL),
	('W000817', '2024-11-12 08:45:01.238384+00', 'Elizabeth Warren', 'Elizabeth', 'Warren', NULL),
	('W000800', '2024-11-12 08:45:01.501628+00', 'Peter Welch', 'Peter', 'Welch', NULL),
	('W000802', '2024-11-12 08:45:01.764676+00', 'Sheldon Whitehouse', 'Sheldon', 'Whitehouse', NULL),
	('W000437', '2024-11-12 08:45:02.110853+00', 'Roger F. Wicker', 'Roger', 'Wicker', NULL),
	('W000779', '2024-11-12 08:45:02.406019+00', 'Ron Wyden', 'Ron', 'Wyden', NULL),
	('Y000064', '2024-11-12 08:45:02.66742+00', 'Todd Young', 'Todd', 'Young', NULL),
	('B001320', '2024-11-12 08:45:02.906643+00', 'Laphonza R. Butler', 'Laphonza', 'Butler', NULL),
	('S001201', '2024-11-12 08:45:03.153735+00', 'Thomas R. Suozzi', 'Thomas', 'Suozzi', NULL),
	('K000402', '2024-11-12 08:45:03.398303+00', 'Timothy M. Kennedy', 'Timothy', 'Kennedy', NULL),
	('F000480', '2024-11-12 08:45:03.638649+00', 'Vince Fong', 'Vince', 'Fong', NULL),
	('R000619', '2024-11-12 08:45:03.872007+00', 'Michael A. Rulli', 'Michael', 'Rulli', NULL),
	('L000604', '2024-11-12 08:45:04.117843+00', 'Greg Lopez', 'Greg', 'Lopez', NULL),
	('M001229', '2024-11-12 08:45:04.351751+00', 'LaMonica McIver', 'LaMonica', 'McIver', NULL),
	('H001097', '2024-11-12 08:45:04.579296+00', 'George S. Helmy', 'George', 'Helmy', NULL);


--
-- Data for Name: bill_cosponsors; Type: TABLE DATA; Schema: public; Owner: postgres
--



--
-- Data for Name: votes; Type: TABLE DATA; Schema: public; Owner: postgres
--



--
-- Data for Name: rep_votes; Type: TABLE DATA; Schema: public; Owner: postgres
--



--
-- Data for Name: sessions; Type: TABLE DATA; Schema: public; Owner: postgres
--

INSERT INTO "public"."sessions" ("id", "created_at", "level", "state", "chamber", "congress", "title", "start_date", "end_date") VALUES
	(1, '2024-11-12 07:35:27.517379+00', 'national', NULL, 'House of Representatives', 118, '118th United States Congress - House of Representatives', '2023-01-03', NULL),
	(2, '2024-11-12 07:35:27.528269+00', 'national', NULL, 'Senate', 118, '118th United States Congress - Senate', '2023-01-03', NULL);


--
-- Data for Name: terms; Type: TABLE DATA; Schema: public; Owner: postgres
--

INSERT INTO "public"."terms" ("id", "created_at", "rep_id", "session_id", "state", "district", "party") VALUES
	(6, '2024-11-12 08:09:12.804+00', 'B001300', 1, 'CA', 44, 'Democratic'),
	(7, '2024-11-12 08:09:13.027453+00', 'B001281', 1, 'OH', 3, 'Democratic'),
	(8, '2024-11-12 08:09:13.290819+00', 'B001287', 1, 'CA', 6, 'Democratic'),
	(9, '2024-11-12 08:09:13.53414+00', 'B001292', 1, 'VA', 8, 'Democratic'),
	(10, '2024-11-12 08:09:13.874796+00', 'B000490', 1, 'GA', 2, 'Democratic'),
	(12, '2024-11-12 08:09:14.456854+00', 'B001303', 1, 'DE', 1, 'Democratic'),
	(13, '2024-11-12 08:09:14.685234+00', 'B001278', 1, 'OR', 1, 'Democratic'),
	(14, '2024-11-12 08:09:14.933959+00', 'B001223', 1, 'NY', 16, 'Democratic'),
	(15, '2024-11-12 08:09:15.170305+00', 'B001296', 1, 'PA', 2, 'Democratic'),
	(16, '2024-11-12 08:09:15.394022+00', 'B001313', 1, 'OH', 11, 'Democratic'),
	(17, '2024-11-12 08:09:15.627274+00', 'B001285', 1, 'CA', 26, 'Democratic'),
	(18, '2024-11-12 08:09:15.846991+00', 'B001315', 1, 'IL', 13, 'Democratic'),
	(19, '2024-11-12 08:09:16.083279+00', 'B001224', 1, 'MO', 1, 'Democratic'),
	(20, '2024-11-12 08:09:16.313694+00', 'C001134', 1, 'CO', 8, 'Democratic'),
	(21, '2024-11-12 08:09:16.584053+00', 'C001112', 1, 'CA', 24, 'Democratic'),
	(22, '2024-11-12 08:09:16.832245+00', 'C001097', 1, 'CA', 29, 'Democratic'),
	(23, '2024-11-12 08:09:17.089229+00', 'C001072', 1, 'IN', 7, 'Democratic'),
	(24, '2024-11-12 08:09:17.313119+00', 'C001125', 1, 'LA', 2, 'Democratic'),
	(25, '2024-11-12 08:09:17.562234+00', 'C001090', 1, 'PA', 8, 'Democratic'),
	(26, '2024-11-12 08:09:17.7831+00', 'C001131', 1, 'TX', 35, 'Democratic'),
	(27, '2024-11-12 08:09:18.015275+00', 'C001055', 1, 'HI', 1, 'Democratic'),
	(28, '2024-11-12 08:09:18.246153+00', 'C001117', 1, 'IL', 6, 'Democratic'),
	(29, '2024-11-12 08:09:18.49111+00', 'C001066', 1, 'FL', 14, 'Democratic'),
	(31, '2024-11-12 08:09:18.930724+00', 'C001127', 1, 'FL', 20, 'Democratic'),
	(32, '2024-11-12 08:09:19.171038+00', 'C001080', 1, 'CA', 28, 'Democratic'),
	(33, '2024-11-12 08:09:19.425461+00', 'C001084', 1, 'RI', 1, 'Democratic'),
	(34, '2024-11-12 08:09:19.65644+00', 'C001101', 1, 'MA', 5, 'Democratic'),
	(35, '2024-11-12 08:09:19.91161+00', 'C001067', 1, 'NY', 9, 'Democratic'),
	(36, '2024-11-12 08:09:20.180231+00', 'C001061', 1, 'MO', 5, 'Democratic'),
	(37, '2024-11-12 08:09:20.430329+00', 'C000537', 1, 'SC', 6, 'Democratic'),
	(38, '2024-11-12 08:09:20.680064+00', 'C001068', 1, 'TN', 9, 'Democratic'),
	(39, '2024-11-12 08:09:20.937055+00', 'C001078', 1, 'VA', 11, 'Democratic'),
	(40, '2024-11-12 08:09:21.187092+00', 'C001110', 1, 'CA', 46, 'Democratic'),
	(41, '2024-11-12 08:09:21.440676+00', 'C001059', 1, 'CA', 21, 'Democratic'),
	(42, '2024-11-12 08:09:21.689448+00', 'C001069', 1, 'CT', 2, 'Democratic'),
	(43, '2024-11-12 08:09:21.920315+00', 'C001119', 1, 'MN', 2, 'Democratic'),
	(44, '2024-11-12 08:09:22.139773+00', 'C001130', 1, 'TX', 30, 'Democratic'),
	(45, '2024-11-12 08:09:22.342922+00', 'C001121', 1, 'CO', 6, 'Democratic'),
	(46, '2024-11-12 08:09:22.665987+00', 'C001063', 1, 'TX', 28, 'Democratic'),
	(47, '2024-11-12 08:09:22.911083+00', 'D000629', 1, 'KS', 3, 'Democratic'),
	(48, '2024-11-12 08:09:23.239683+00', 'D000096', 1, 'IL', 7, 'Democratic'),
	(50, '2024-11-12 08:09:23.712415+00', 'D000631', 1, 'PA', 4, 'Democratic'),
	(51, '2024-11-12 08:09:24.061052+00', 'D000197', 1, 'CO', 1, 'Democratic'),
	(52, '2024-11-12 08:09:24.321682+00', 'D000216', 1, 'CT', 3, 'Democratic'),
	(53, '2024-11-12 08:09:24.560173+00', 'D000617', 1, 'WA', 1, 'Democratic'),
	(54, '2024-11-12 08:09:24.762543+00', 'D000530', 1, 'PA', 17, 'Democratic'),
	(55, '2024-11-12 08:09:25.006228+00', 'D000623', 1, 'CA', 10, 'Democratic'),
	(56, '2024-11-12 08:09:25.261506+00', 'D000624', 1, 'MI', 6, 'Democratic'),
	(57, '2024-11-12 08:09:25.52376+00', 'D000399', 1, 'TX', 37, 'Democratic'),
	(58, '2024-11-12 08:09:25.75735+00', 'E000299', 1, 'TX', 16, 'Democratic'),
	(59, '2024-11-12 08:09:26.020675+00', 'E000215', 1, 'CA', 16, 'Democratic'),
	(60, '2024-11-12 08:09:26.272305+00', 'E000297', 1, 'NY', 13, 'Democratic'),
	(61, '2024-11-12 08:09:26.548635+00', 'E000296', 1, 'PA', 3, 'Democratic'),
	(62, '2024-11-12 08:09:26.824913+00', 'F000468', 1, 'TX', 7, 'Democratic'),
	(63, '2024-11-12 08:09:27.17014+00', 'F000454', 1, 'IL', 11, 'Democratic'),
	(64, '2024-11-12 08:09:27.486009+00', 'F000477', 1, 'NC', 4, 'Democratic'),
	(65, '2024-11-12 08:09:27.72882+00', 'F000462', 1, 'FL', 22, 'Democratic'),
	(66, '2024-11-12 08:09:27.932466+00', 'F000476', 1, 'FL', 10, 'Democratic'),
	(67, '2024-11-12 08:09:28.154196+00', 'G000574', 1, 'AZ', 3, 'Democratic'),
	(69, '2024-11-12 08:09:28.674435+00', 'G000587', 1, 'TX', 29, 'Democratic'),
	(70, '2024-11-12 08:09:28.895795+00', 'G000598', 1, 'CA', 42, 'Democratic'),
	(71, '2024-11-12 08:09:29.133081+00', 'G000592', 1, 'ME', 2, 'Democratic'),
	(72, '2024-11-12 08:09:29.384036+00', 'G000585', 1, 'CA', 34, 'Democratic'),
	(73, '2024-11-12 08:09:29.605446+00', 'G000581', 1, 'TX', 34, 'Democratic'),
	(74, '2024-11-12 08:09:29.837823+00', 'G000583', 1, 'NJ', 5, 'Democratic'),
	(75, '2024-11-12 08:09:30.075951+00', 'G000553', 1, 'TX', 9, 'Democratic'),
	(76, '2024-11-12 08:09:30.359104+00', 'G000551', 1, 'AZ', 7, 'Democratic'),
	(77, '2024-11-12 08:09:30.575435+00', 'H001090', 1, 'CA', 9, 'Democratic'),
	(78, '2024-11-12 08:09:30.799117+00', 'H001081', 1, 'CT', 5, 'Democratic'),
	(79, '2024-11-12 08:09:31.044341+00', 'H001038', 1, 'NY', 26, 'Democratic'),
	(80, '2024-11-12 08:09:31.31085+00', 'H001047', 1, 'CT', 4, 'Democratic'),
	(81, '2024-11-12 08:09:31.535652+00', 'H001066', 1, 'NV', 4, 'Democratic'),
	(82, '2024-11-12 08:09:31.780968+00', 'H001085', 1, 'PA', 6, 'Democratic'),
	(83, '2024-11-12 08:09:32.153799+00', 'H000874', 1, 'MD', 5, 'Democratic'),
	(84, '2024-11-12 08:09:32.384595+00', 'H001094', 1, 'OR', 4, 'Democratic'),
	(85, '2024-11-12 08:09:32.635845+00', 'H001068', 1, 'CA', 2, 'Democratic'),
	(86, '2024-11-12 08:09:32.876769+00', 'I000058', 1, 'MD', 4, 'Democratic'),
	(88, '2024-11-12 08:09:33.296572+00', 'J000308', 1, 'NC', 14, 'Democratic'),
	(89, '2024-11-12 08:09:33.581828+00', 'J000032', 1, 'TX', 18, 'Democratic'),
	(90, '2024-11-12 08:09:33.810211+00', 'J000305', 1, 'CA', 51, 'Democratic'),
	(91, '2024-11-12 08:09:34.059524+00', 'J000298', 1, 'WA', 7, 'Democratic'),
	(92, '2024-11-12 08:09:34.294974+00', 'J000294', 1, 'NY', 8, 'Democratic'),
	(93, '2024-11-12 08:09:34.556345+00', 'J000288', 1, 'GA', 4, 'Democratic'),
	(94, '2024-11-12 08:09:34.815438+00', 'K000400', 1, 'CA', 37, 'Democratic'),
	(95, '2024-11-12 08:09:35.141276+00', 'K000009', 1, 'OH', 9, 'Democratic'),
	(96, '2024-11-12 08:09:35.529229+00', 'K000375', 1, 'MA', 9, 'Democratic'),
	(97, '2024-11-12 08:09:35.758809+00', 'K000385', 1, 'IL', 2, 'Democratic'),
	(98, '2024-11-12 08:09:35.99369+00', 'K000389', 1, 'CA', 17, 'Democratic'),
	(99, '2024-11-12 08:09:36.214834+00', 'K000380', 1, 'MI', 8, 'Democratic'),
	(100, '2024-11-12 08:09:36.466894+00', 'K000381', 1, 'WA', 6, 'Democratic'),
	(101, '2024-11-12 08:09:36.728255+00', 'K000394', 1, 'NJ', 3, 'Democratic'),
	(102, '2024-11-12 08:09:36.990215+00', 'K000391', 1, 'IL', 8, 'Democratic'),
	(103, '2024-11-12 08:09:37.24148+00', 'K000382', 1, 'NH', 2, 'Democratic'),
	(104, '2024-11-12 08:09:37.495536+00', 'L000601', 1, 'OH', 1, 'Democratic'),
	(105, '2024-11-12 08:09:37.723655+00', 'L000560', 1, 'WA', 2, 'Democratic'),
	(107, '2024-11-12 08:09:38.442855+00', 'L000551', 1, 'CA', 12, 'Democratic'),
	(2, '2024-11-12 08:09:11.903974+00', 'A000371', 1, 'CA', 33, 'Democratic'),
	(3, '2024-11-12 08:09:12.134975+00', 'A000376', 1, 'TX', 32, 'Democratic'),
	(4, '2024-11-12 08:09:12.341655+00', 'A000148', 1, 'MA', 4, 'Democratic'),
	(5, '2024-11-12 08:09:12.563717+00', 'B001318', 1, 'VT', 1, 'Democratic'),
	(113, '2024-11-12 08:09:39.879885+00', 'L000397', 1, 'CA', 18, 'Democratic'),
	(114, '2024-11-12 08:09:40.316893+00', 'L000562', 1, 'MA', 8, 'Democratic'),
	(115, '2024-11-12 08:09:40.564233+00', 'M001223', 1, 'RI', 2, 'Democratic'),
	(116, '2024-11-12 08:09:40.829816+00', 'M001135', 1, 'NC', 6, 'Democratic'),
	(117, '2024-11-12 08:09:41.073233+00', 'M001163', 1, 'CA', 7, 'Democratic'),
	(119, '2024-11-12 08:09:41.639274+00', 'M001143', 1, 'MN', 4, 'Democratic'),
	(120, '2024-11-12 08:09:41.847735+00', 'M001220', 1, 'KY', 3, 'Democratic'),
	(121, '2024-11-12 08:09:42.139697+00', 'M000312', 1, 'MA', 2, 'Democratic'),
	(122, '2024-11-12 08:09:42.398234+00', 'M001137', 1, 'NY', 5, 'Democratic'),
	(123, '2024-11-12 08:09:42.610747+00', 'M001226', 1, 'NJ', 8, 'Democratic'),
	(124, '2024-11-12 08:09:42.828945+00', 'M001188', 1, 'NY', 6, 'Democratic'),
	(125, '2024-11-12 08:09:43.055411+00', 'M000687', 1, 'MD', 7, 'Democratic'),
	(126, '2024-11-12 08:09:43.305175+00', 'M001160', 1, 'WI', 4, 'Democratic'),
	(127, '2024-11-12 08:09:43.51712+00', 'M001206', 1, 'NY', 25, 'Democratic'),
	(128, '2024-11-12 08:09:43.937073+00', 'M001217', 1, 'FL', 23, 'Democratic'),
	(129, '2024-11-12 08:09:44.338156+00', 'M001196', 1, 'MA', 6, 'Democratic'),
	(130, '2024-11-12 08:09:44.604672+00', 'M001214', 1, 'IN', 1, 'Democratic'),
	(131, '2024-11-12 08:09:44.819412+00', 'M001225', 1, 'CA', 15, 'Democratic'),
	(132, '2024-11-12 08:09:45.17852+00', 'N000002', 1, 'NY', 12, 'Democratic'),
	(133, '2024-11-12 08:09:45.522593+00', 'N000179', 1, 'CA', 31, 'Democratic'),
	(134, '2024-11-12 08:09:45.779807+00', 'N000015', 1, 'MA', 1, 'Democratic'),
	(135, '2024-11-12 08:09:46.039419+00', 'N000191', 1, 'CO', 2, 'Democratic'),
	(136, '2024-11-12 08:09:46.25347+00', 'N000194', 1, 'NC', 13, 'Democratic'),
	(138, '2024-11-12 08:09:46.751365+00', 'O000172', 1, 'NY', 14, 'Democratic'),
	(139, '2024-11-12 08:09:46.987599+00', 'O000173', 1, 'MN', 5, 'Democratic'),
	(140, '2024-11-12 08:09:47.248737+00', 'P000034', 1, 'NJ', 6, 'Democratic'),
	(141, '2024-11-12 08:09:47.533375+00', 'P000613', 1, 'CA', 19, 'Democratic'),
	(142, '2024-11-12 08:09:47.755113+00', 'P000614', 1, 'NH', 1, 'Democratic'),
	(143, '2024-11-12 08:09:48.087428+00', 'P000096', 1, 'NJ', 9, 'Democratic'),
	(144, '2024-11-12 08:09:48.320187+00', 'P000604', 1, 'NJ', 10, 'Democratic'),
	(145, '2024-11-12 08:09:48.67682+00', 'P000197', 1, 'CA', 11, 'Democratic'),
	(146, '2024-11-12 08:09:48.874893+00', 'P000619', 1, 'AK', 1, 'Democratic'),
	(147, '2024-11-12 08:09:49.099513+00', 'G000600', 1, 'WA', 3, 'Democratic'),
	(148, '2024-11-12 08:09:49.333383+00', 'P000608', 1, 'CA', 50, 'Democratic'),
	(149, '2024-11-12 08:09:49.546925+00', 'P000620', 1, 'CO', 7, 'Democratic'),
	(150, '2024-11-12 08:09:49.781051+00', 'P000616', 1, 'MN', 3, 'Democratic'),
	(151, '2024-11-12 08:09:50.022452+00', 'P000597', 1, 'ME', 1, 'Democratic'),
	(152, '2024-11-12 08:09:50.265588+00', 'P000607', 1, 'WI', 2, 'Democratic'),
	(153, '2024-11-12 08:09:50.490387+00', 'P000618', 1, 'CA', 47, 'Democratic'),
	(154, '2024-11-12 08:09:50.718156+00', 'P000617', 1, 'MA', 7, 'Democratic'),
	(155, '2024-11-12 08:09:50.956679+00', 'Q000023', 1, 'IL', 5, 'Democratic'),
	(157, '2024-11-12 08:09:51.443562+00', 'R000606', 1, 'MD', 8, 'Democratic'),
	(158, '2024-11-12 08:09:51.679745+00', 'R000305', 1, 'NC', 2, 'Democratic'),
	(159, '2024-11-12 08:09:52.123152+00', 'R000599', 1, 'CA', 25, 'Democratic'),
	(160, '2024-11-12 08:09:52.37249+00', 'R000576', 1, 'MD', 2, 'Democratic'),
	(161, '2024-11-12 08:09:52.589999+00', 'R000579', 1, 'NY', 18, 'Democratic'),
	(162, '2024-11-12 08:09:52.805933+00', 'S001226', 1, 'OR', 6, 'Democratic'),
	(163, '2024-11-12 08:09:53.077016+00', 'S001156', 1, 'CA', 38, 'Democratic'),
	(164, '2024-11-12 08:09:53.333928+00', 'S001168', 1, 'MD', 3, 'Democratic'),
	(165, '2024-11-12 08:09:53.575347+00', 'S001205', 1, 'PA', 5, 'Democratic'),
	(166, '2024-11-12 08:09:53.903858+00', 'S001145', 1, 'IL', 9, 'Democratic'),
	(167, '2024-11-12 08:09:54.163548+00', 'S001150', 1, 'CA', 30, 'Democratic'),
	(168, '2024-11-12 08:09:54.406115+00', 'S001190', 1, 'IL', 10, 'Democratic'),
	(169, '2024-11-12 08:09:54.640249+00', 'S001221', 1, 'MI', 3, 'Democratic'),
	(170, '2024-11-12 08:09:54.847156+00', 'S001216', 1, 'WA', 8, 'Democratic'),
	(171, '2024-11-12 08:09:55.117005+00', 'S000185', 1, 'VA', 3, 'Democratic'),
	(172, '2024-11-12 08:09:55.349978+00', 'S001157', 1, 'GA', 13, 'Democratic'),
	(173, '2024-11-12 08:09:55.58391+00', 'S001185', 1, 'AL', 7, 'Democratic'),
	(174, '2024-11-12 08:09:55.823474+00', 'S000344', 1, 'CA', 32, 'Democratic'),
	(176, '2024-11-12 08:09:56.263302+00', 'S001208', 1, 'MI', 7, 'Democratic'),
	(177, '2024-11-12 08:09:56.588559+00', 'S000510', 1, 'WA', 9, 'Democratic'),
	(178, '2024-11-12 08:09:56.815552+00', 'S001225', 1, 'IL', 17, 'Democratic'),
	(179, '2024-11-12 08:09:57.051882+00', 'S001200', 1, 'FL', 9, 'Democratic'),
	(180, '2024-11-12 08:09:57.28663+00', 'S001209', 1, 'VA', 7, 'Democratic'),
	(181, '2024-11-12 08:09:57.509449+00', 'S001218', 1, 'NM', 1, 'Democratic'),
	(182, '2024-11-12 08:09:57.747743+00', 'S001211', 1, 'AZ', 4, 'Democratic'),
	(111, '2024-11-12 08:09:39.367364+00', 'L000593', 1, 'CA', 49, 'Democratic'),
	(183, '2024-11-12 08:09:57.968499+00', 'S001215', 1, 'MI', 11, 'Democratic'),
	(184, '2024-11-12 08:09:58.186289+00', 'S001159', 1, 'WA', 10, 'Democratic'),
	(185, '2024-11-12 08:09:58.411707+00', 'S001193', 1, 'CA', 14, 'Democratic'),
	(186, '2024-11-12 08:09:58.632335+00', 'S001223', 1, 'OH', 13, 'Democratic'),
	(187, '2024-11-12 08:09:58.881912+00', 'T000472', 1, 'CA', 39, 'Democratic'),
	(188, '2024-11-12 08:09:59.093461+00', 'T000488', 1, 'MI', 13, 'Democratic'),
	(189, '2024-11-12 08:09:59.335325+00', 'T000460', 1, 'CA', 4, 'Democratic'),
	(190, '2024-11-12 08:09:59.593563+00', 'T000193', 1, 'MS', 2, 'Democratic'),
	(191, '2024-11-12 08:09:59.83817+00', 'T000468', 1, 'NV', 1, 'Democratic'),
	(192, '2024-11-12 08:10:00.075773+00', 'T000481', 1, 'MI', 12, 'Democratic'),
	(193, '2024-11-12 08:10:00.29518+00', 'T000487', 1, 'HI', 2, 'Democratic'),
	(195, '2024-11-12 08:10:00.75406+00', 'T000474', 1, 'CA', 35, 'Democratic'),
	(196, '2024-11-12 08:10:00.990994+00', 'T000486', 1, 'NY', 15, 'Democratic'),
	(197, '2024-11-12 08:10:01.210828+00', 'T000482', 1, 'MA', 3, 'Democratic'),
	(198, '2024-11-12 08:10:01.460668+00', 'T000483', 1, 'MD', 6, 'Democratic'),
	(199, '2024-11-12 08:10:01.693875+00', 'U000040', 1, 'IL', 14, 'Democratic'),
	(200, '2024-11-12 08:10:01.933057+00', 'V000130', 1, 'CA', 52, 'Democratic'),
	(201, '2024-11-12 08:10:02.129594+00', 'V000136', 1, 'NM', 2, 'Democratic'),
	(202, '2024-11-12 08:10:02.376854+00', 'V000131', 1, 'TX', 33, 'Democratic'),
	(203, '2024-11-12 08:10:02.634968+00', 'V000081', 1, 'NY', 7, 'Democratic'),
	(204, '2024-11-12 08:10:02.892942+00', 'W000797', 1, 'FL', 25, 'Democratic'),
	(205, '2024-11-12 08:10:03.163679+00', 'W000187', 1, 'CA', 43, 'Democratic'),
	(206, '2024-11-12 08:10:03.409928+00', 'W000822', 1, 'NJ', 12, 'Democratic'),
	(207, '2024-11-12 08:10:03.65186+00', 'W000825', 1, 'VA', 10, 'Democratic'),
	(208, '2024-11-12 08:10:03.87023+00', 'W000826', 1, 'PA', 7, 'Democratic'),
	(209, '2024-11-12 08:10:04.129214+00', 'W000788', 1, 'GA', 5, 'Democratic'),
	(210, '2024-11-12 08:10:04.375536+00', 'W000808', 1, 'FL', 24, 'Democratic'),
	(211, '2024-11-12 08:10:04.6124+00', 'G000586', 1, 'IL', 4, 'Democratic'),
	(212, '2024-11-12 08:10:04.846395+00', 'G000599', 1, 'NY', 10, 'Democratic'),
	(214, '2024-11-12 08:10:05.292618+00', 'S001214', 1, 'FL', 17, 'Republican'),
	(109, '2024-11-12 08:09:38.92931+00', 'L000602', 1, 'PA', 12, 'Democratic'),
	(110, '2024-11-12 08:09:39.140202+00', 'L000273', 1, 'NM', 3, 'Democratic'),
	(112, '2024-11-12 08:09:39.594904+00', 'L000582', 1, 'CA', 36, 'Democratic'),
	(219, '2024-11-12 08:10:06.451061+00', 'A000377', 1, 'ND', 1, 'Republican'),
	(220, '2024-11-12 08:10:06.670219+00', 'A000375', 1, 'TX', 19, 'Republican'),
	(221, '2024-11-12 08:10:06.908497+00', 'B001291', 1, 'TX', 36, 'Republican'),
	(222, '2024-11-12 08:10:07.152855+00', 'B001298', 1, 'NE', 2, 'Republican'),
	(223, '2024-11-12 08:10:07.363217+00', 'B001307', 1, 'IN', 4, 'Republican'),
	(226, '2024-11-12 08:10:08.180678+00', 'B001282', 1, 'KY', 6, 'Republican'),
	(227, '2024-11-12 08:10:08.426023+00', 'B001314', 1, 'FL', 4, 'Republican'),
	(228, '2024-11-12 08:10:08.631823+00', 'B000668', 1, 'OR', 2, 'Republican'),
	(229, '2024-11-12 08:10:08.889616+00', 'B001301', 1, 'MI', 1, 'Republican'),
	(230, '2024-11-12 08:10:09.137706+00', 'B000740', 1, 'OK', 5, 'Republican'),
	(231, '2024-11-12 08:10:09.426098+00', 'B001302', 1, 'AZ', 5, 'Republican'),
	(232, '2024-11-12 08:10:09.704569+00', 'B001257', 1, 'FL', 12, 'Republican'),
	(233, '2024-11-12 08:10:09.904069+00', 'B001311', 1, 'NC', 8, 'Republican'),
	(234, '2024-11-12 08:10:10.130674+00', 'B000825', 1, 'CO', 3, 'Republican'),
	(235, '2024-11-12 08:10:10.339943+00', 'B001295', 1, 'IL', 12, 'Republican'),
	(236, '2024-11-12 08:10:10.563432+00', 'B001317', 1, 'OK', 2, 'Republican'),
	(237, '2024-11-12 08:10:10.804872+00', 'B001260', 1, 'FL', 16, 'Republican'),
	(238, '2024-11-12 08:10:11.026047+00', 'B001297', 1, 'CO', 4, 'Republican'),
	(239, '2024-11-12 08:10:11.257592+00', 'B001275', 1, 'IN', 8, 'Republican'),
	(240, '2024-11-12 08:10:11.495946+00', 'B001309', 1, 'TN', 2, 'Republican'),
	(241, '2024-11-12 08:10:11.822067+00', 'B001248', 1, 'TX', 26, 'Republican'),
	(242, '2024-11-12 08:10:12.04055+00', 'B001316', 1, 'MO', 7, 'Republican'),
	(243, '2024-11-12 08:10:12.371698+00', 'C000059', 1, 'CA', 41, 'Republican'),
	(245, '2024-11-12 08:10:13.067424+00', 'C001126', 1, 'OH', 15, 'Republican'),
	(246, '2024-11-12 08:10:13.292471+00', 'C001054', 1, 'AL', 1, 'Republican'),
	(247, '2024-11-12 08:10:13.559117+00', 'C001103', 1, 'GA', 1, 'Republican'),
	(248, '2024-11-12 08:10:13.812484+00', 'C001051', 1, 'TX', 31, 'Republican'),
	(249, '2024-11-12 08:10:14.052135+00', 'C001135', 1, 'OR', 5, 'Republican'),
	(250, '2024-11-12 08:10:14.287481+00', 'C001133', 1, 'AZ', 6, 'Republican'),
	(251, '2024-11-12 08:10:14.485898+00', 'C001118', 1, 'VA', 6, 'Republican'),
	(252, '2024-11-12 08:10:14.715196+00', 'C001115', 1, 'TX', 27, 'Republican'),
	(253, '2024-11-12 08:10:14.97259+00', 'C001116', 1, 'GA', 9, 'Republican'),
	(254, '2024-11-12 08:10:15.193448+00', 'C001053', 1, 'OK', 4, 'Republican'),
	(255, '2024-11-12 08:10:15.39912+00', 'C001129', 1, 'GA', 10, 'Republican'),
	(256, '2024-11-12 08:10:15.624894+00', 'C001108', 1, 'KY', 1, 'Republican'),
	(257, '2024-11-12 08:10:15.869377+00', 'C001132', 1, 'AZ', 2, 'Republican'),
	(258, '2024-11-12 08:10:16.097102+00', 'C001087', 1, 'AR', 1, 'Republican'),
	(259, '2024-11-12 08:10:16.301896+00', 'C001120', 1, 'TX', 2, 'Republican'),
	(260, '2024-11-12 08:10:16.551205+00', 'C001114', 1, 'UT', 3, 'Republican'),
	(261, '2024-11-12 08:10:16.814527+00', 'D000632', 1, 'NY', 4, 'Republican'),
	(262, '2024-11-12 08:10:17.074059+00', 'D000626', 1, 'OH', 8, 'Republican'),
	(264, '2024-11-12 08:10:17.530765+00', 'D000616', 1, 'TN', 4, 'Republican'),
	(265, '2024-11-12 08:10:17.798578+00', 'D000600', 1, 'FL', 26, 'Republican'),
	(266, '2024-11-12 08:10:18.047396+00', 'D000032', 1, 'FL', 19, 'Republican'),
	(267, '2024-11-12 08:10:18.266465+00', 'D000633', 1, 'CA', 13, 'Republican'),
	(268, '2024-11-12 08:10:18.509459+00', 'D000615', 1, 'SC', 3, 'Republican'),
	(269, '2024-11-12 08:10:18.728975+00', 'D000628', 1, 'FL', 2, 'Republican'),
	(270, '2024-11-12 08:10:19.001858+00', 'E000246', 1, 'NC', 11, 'Republican'),
	(271, '2024-11-12 08:10:19.228435+00', 'E000071', 1, 'TX', 6, 'Republican'),
	(272, '2024-11-12 08:10:19.436509+00', 'E000294', 1, 'MN', 6, 'Republican'),
	(273, '2024-11-12 08:10:19.668347+00', 'E000298', 1, 'KS', 4, 'Republican'),
	(274, '2024-11-12 08:10:19.880163+00', 'E000235', 1, 'MS', 4, 'Republican'),
	(275, '2024-11-12 08:10:20.097267+00', 'F000246', 1, 'TX', 4, 'Republican'),
	(276, '2024-11-12 08:10:20.314996+00', 'F000446', 1, 'IA', 4, 'Republican'),
	(277, '2024-11-12 08:10:20.533429+00', 'F000465', 1, 'GA', 3, 'Republican'),
	(278, '2024-11-12 08:10:20.772193+00', 'F000475', 1, 'MN', 1, 'Republican'),
	(279, '2024-11-12 08:10:20.990234+00', 'F000470', 1, 'MN', 7, 'Republican'),
	(280, '2024-11-12 08:10:21.213476+00', 'F000471', 1, 'WI', 5, 'Republican'),
	(281, '2024-11-12 08:10:21.536748+00', 'F000466', 1, 'PA', 1, 'Republican'),
	(283, '2024-11-12 08:10:22.134659+00', 'F000474', 1, 'NE', 1, 'Republican'),
	(284, '2024-11-12 08:10:22.380151+00', 'F000450', 1, 'NC', 5, 'Republican'),
	(285, '2024-11-12 08:10:22.607157+00', 'F000472', 1, 'FL', 18, 'Republican'),
	(286, '2024-11-12 08:10:22.794463+00', 'F000478', 1, 'SC', 7, 'Republican'),
	(287, '2024-11-12 08:10:23.008944+00', 'F000469', 1, 'ID', 1, 'Republican'),
	(288, '2024-11-12 08:10:23.218382+00', 'G000578', 1, 'FL', 1, 'Republican'),
	(289, '2024-11-12 08:10:23.435075+00', 'G000579', 1, 'WI', 8, 'Republican'),
	(290, '2024-11-12 08:10:23.650915+00', 'G000597', 1, 'NY', 2, 'Republican'),
	(291, '2024-11-12 08:10:23.85169+00', 'G000061', 1, 'CA', 27, 'Republican'),
	(292, '2024-11-12 08:10:24.069176+00', 'G000593', 1, 'FL', 28, 'Republican'),
	(293, '2024-11-12 08:10:24.281271+00', 'G000594', 1, 'TX', 23, 'Republican'),
	(294, '2024-11-12 08:10:24.498883+00', 'G000595', 1, 'VA', 5, 'Republican'),
	(295, '2024-11-12 08:10:24.715817+00', 'G000589', 1, 'TX', 5, 'Republican'),
	(296, '2024-11-12 08:10:24.940944+00', 'G000565', 1, 'AZ', 9, 'Republican'),
	(297, '2024-11-12 08:10:25.172013+00', 'G000377', 1, 'TX', 12, 'Republican'),
	(298, '2024-11-12 08:10:25.376245+00', 'G000577', 1, 'LA', 6, 'Republican'),
	(299, '2024-11-12 08:10:25.600447+00', 'G000546', 1, 'MO', 6, 'Republican'),
	(300, '2024-11-12 08:10:25.819105+00', 'G000590', 1, 'TN', 7, 'Republican'),
	(302, '2024-11-12 08:10:26.238114+00', 'G000568', 1, 'VA', 9, 'Republican'),
	(303, '2024-11-12 08:10:26.475445+00', 'G000576', 1, 'WI', 6, 'Republican'),
	(304, '2024-11-12 08:10:26.718839+00', 'G000591', 1, 'MS', 3, 'Republican'),
	(305, '2024-11-12 08:10:26.953748+00', 'G000558', 1, 'KY', 2, 'Republican'),
	(306, '2024-11-12 08:10:27.171761+00', 'H001096', 1, 'WY', 1, 'Republican'),
	(307, '2024-11-12 08:10:27.42739+00', 'H001052', 1, 'MD', 1, 'Republican'),
	(308, '2024-11-12 08:10:27.658429+00', 'H001086', 1, 'TN', 1, 'Republican'),
	(309, '2024-11-12 08:10:27.856499+00', 'H001082', 1, 'OK', 1, 'Republican'),
	(310, '2024-11-12 08:10:28.095717+00', 'H001077', 1, 'LA', 3, 'Republican'),
	(311, '2024-11-12 08:10:28.315352+00', 'H001072', 1, 'AR', 2, 'Republican'),
	(312, '2024-11-12 08:10:28.525677+00', 'H001091', 1, 'IA', 2, 'Republican'),
	(313, '2024-11-12 08:10:28.741895+00', 'H001093', 1, 'IN', 9, 'Republican'),
	(314, '2024-11-12 08:10:28.986786+00', 'H001067', 1, 'NC', 9, 'Republican'),
	(315, '2024-11-12 08:10:29.211358+00', 'H001058', 1, 'MI', 4, 'Republican'),
	(316, '2024-11-12 08:10:29.431593+00', 'H001095', 1, 'TX', 38, 'Republican'),
	(317, '2024-11-12 08:10:29.669028+00', 'I000056', 1, 'CA', 48, 'Republican'),
	(318, '2024-11-12 08:10:29.876111+00', 'J000304', 1, 'TX', 13, 'Republican'),
	(319, '2024-11-12 08:10:30.072739+00', 'J000307', 1, 'MI', 10, 'Republican'),
	(321, '2024-11-12 08:10:30.528001+00', 'J000292', 1, 'OH', 6, 'Republican'),
	(216, '2024-11-12 08:10:05.791409+00', 'A000379', 1, 'MO', 4, 'Republican'),
	(217, '2024-11-12 08:10:06.024397+00', 'A000372', 1, 'GA', 12, 'Republican'),
	(218, '2024-11-12 08:10:06.2313+00', 'A000369', 1, 'NV', 2, 'Republican'),
	(326, '2024-11-12 08:10:31.657882+00', 'K000398', 1, 'NJ', 7, 'Republican'),
	(327, '2024-11-12 08:10:31.885788+00', 'K000388', 1, 'MS', 1, 'Republican'),
	(328, '2024-11-12 08:10:32.121118+00', 'K000376', 1, 'PA', 16, 'Republican'),
	(329, '2024-11-12 08:10:32.338528+00', 'K000399', 1, 'VA', 2, 'Republican'),
	(330, '2024-11-12 08:10:32.558518+00', 'K000401', 1, 'CA', 3, 'Republican'),
	(331, '2024-11-12 08:10:32.793255+00', 'K000397', 1, 'CA', 40, 'Republican'),
	(333, '2024-11-12 08:10:33.237359+00', 'L000585', 1, 'IL', 16, 'Republican'),
	(334, '2024-11-12 08:10:33.455745+00', 'L000598', 1, 'NY', 1, 'Republican'),
	(335, '2024-11-12 08:10:33.6945+00', 'L000578', 1, 'CA', 1, 'Republican'),
	(336, '2024-11-12 08:10:33.930811+00', 'L000564', 1, 'CO', 5, 'Republican'),
	(337, '2024-11-12 08:10:34.127714+00', 'L000600', 1, 'NY', 23, 'Republican'),
	(338, '2024-11-12 08:10:34.362345+00', 'L000566', 1, 'OH', 5, 'Republican'),
	(339, '2024-11-12 08:10:34.572795+00', 'L000266', 1, 'KS', 2, 'Republican'),
	(340, '2024-11-12 08:10:34.780873+00', 'L000599', 1, 'NY', 17, 'Republican'),
	(341, '2024-11-12 08:10:34.99565+00', 'L000597', 1, 'FL', 15, 'Republican'),
	(342, '2024-11-12 08:10:35.233262+00', 'L000589', 1, 'AZ', 8, 'Republican'),
	(343, '2024-11-12 08:10:35.432194+00', 'L000595', 1, 'LA', 5, 'Republican'),
	(344, '2024-11-12 08:10:35.678234+00', 'L000583', 1, 'GA', 11, 'Republican'),
	(345, '2024-11-12 08:10:35.911895+00', 'L000491', 1, 'OK', 3, 'Republican'),
	(346, '2024-11-12 08:10:36.167333+00', 'L000569', 1, 'MO', 3, 'Republican'),
	(347, '2024-11-12 08:10:36.382426+00', 'L000596', 1, 'FL', 13, 'Republican'),
	(348, '2024-11-12 08:10:36.593716+00', 'L000603', 1, 'TX', 8, 'Republican'),
	(349, '2024-11-12 08:10:36.824992+00', 'M000194', 1, 'SC', 1, 'Republican'),
	(350, '2024-11-12 08:10:37.052343+00', 'M000317', 1, 'NY', 11, 'Republican'),
	(352, '2024-11-12 08:10:37.505714+00', 'M001184', 1, 'KY', 4, 'Republican'),
	(353, '2024-11-12 08:10:37.726395+00', 'M001199', 1, 'FL', 21, 'Republican'),
	(354, '2024-11-12 08:10:37.956981+00', 'M001165', 1, 'CA', 20, 'Republican'),
	(355, '2024-11-12 08:10:38.19862+00', 'M001157', 1, 'TX', 10, 'Republican'),
	(356, '2024-11-12 08:10:38.41955+00', 'M001136', 1, 'MI', 9, 'Republican'),
	(357, '2024-11-12 08:10:38.661143+00', 'M001177', 1, 'CA', 5, 'Republican'),
	(358, '2024-11-12 08:10:38.874242+00', 'M001218', 1, 'GA', 6, 'Republican'),
	(359, '2024-11-12 08:10:39.110597+00', 'M001156', 1, 'NC', 10, 'Republican'),
	(360, '2024-11-12 08:10:39.333265+00', 'M001204', 1, 'PA', 9, 'Republican'),
	(361, '2024-11-12 08:10:39.540631+00', 'M001211', 1, 'IL', 15, 'Republican'),
	(362, '2024-11-12 08:10:39.755184+00', 'M001222', 1, 'OH', 7, 'Republican'),
	(363, '2024-11-12 08:10:39.980784+00', 'M001205', 1, 'WV', 1, 'Republican'),
	(364, '2024-11-12 08:10:40.221818+00', 'M001215', 1, 'IA', 1, 'Republican'),
	(365, '2024-11-12 08:10:40.43311+00', 'M001216', 1, 'FL', 7, 'Republican'),
	(366, '2024-11-12 08:10:40.676097+00', 'M001221', 1, 'NY', 19, 'Republican'),
	(367, '2024-11-12 08:10:40.883911+00', 'M001194', 1, 'MI', 2, 'Republican'),
	(368, '2024-11-12 08:10:41.123567+00', 'M001195', 1, 'WV', 2, 'Republican'),
	(369, '2024-11-12 08:10:41.347123+00', 'M001212', 1, 'AL', 2, 'Republican'),
	(371, '2024-11-12 08:10:41.750935+00', 'M001224', 1, 'TX', 1, 'Republican'),
	(372, '2024-11-12 08:10:41.965844+00', 'M001210', 1, 'NC', 3, 'Republican'),
	(373, '2024-11-12 08:10:42.203442+00', 'N000026', 1, 'TX', 22, 'Republican'),
	(374, '2024-11-12 08:10:42.411315+00', 'N000189', 1, 'WA', 4, 'Republican'),
	(375, '2024-11-12 08:10:42.647248+00', 'N000190', 1, 'SC', 5, 'Republican'),
	(376, '2024-11-12 08:10:43.023223+00', 'N000193', 1, 'IA', 3, 'Republican'),
	(377, '2024-11-12 08:10:43.247887+00', 'O000019', 1, 'CA', 23, 'Republican'),
	(378, '2024-11-12 08:10:43.472214+00', 'O000175', 1, 'TN', 5, 'Republican'),
	(379, '2024-11-12 08:10:43.668106+00', 'O000086', 1, 'UT', 4, 'Republican'),
	(380, '2024-11-12 08:10:43.893183+00', 'P000609', 1, 'AL', 6, 'Republican'),
	(381, '2024-11-12 08:10:44.141066+00', 'P000605', 1, 'PA', 10, 'Republican'),
	(382, '2024-11-12 08:10:44.357874+00', 'P000048', 1, 'TX', 11, 'Republican'),
	(383, '2024-11-12 08:10:44.589968+00', 'P000599', 1, 'FL', 8, 'Republican'),
	(384, '2024-11-12 08:10:44.809997+00', 'R000610', 1, 'PA', 14, 'Republican'),
	(385, '2024-11-12 08:10:45.053433+00', 'M001159', 1, 'WA', 5, 'Republican'),
	(386, '2024-11-12 08:10:45.266893+00', 'R000575', 1, 'AL', 3, 'Republican'),
	(387, '2024-11-12 08:10:45.500232+00', 'R000395', 1, 'KY', 5, 'Republican'),
	(388, '2024-11-12 08:10:45.717221+00', 'R000612', 1, 'TN', 6, 'Republican'),
	(390, '2024-11-12 08:10:46.171456+00', 'R000603', 1, 'NC', 7, 'Republican'),
	(391, '2024-11-12 08:10:46.389748+00', 'R000614', 1, 'TX', 21, 'Republican'),
	(392, '2024-11-12 08:10:46.588121+00', 'R000609', 1, 'FL', 5, 'Republican'),
	(393, '2024-11-12 08:10:46.804685+00', 'S000168', 1, 'FL', 27, 'Republican'),
	(394, '2024-11-12 08:10:47.01367+00', 'S001222', 1, 'NY', 3, 'Republican'),
	(395, '2024-11-12 08:10:47.250873+00', 'S001176', 1, 'LA', 1, 'Republican'),
	(396, '2024-11-12 08:10:47.454405+00', 'S001183', 1, 'AZ', 1, 'Republican'),
	(397, '2024-11-12 08:10:47.683119+00', 'S001189', 1, 'GA', 8, 'Republican'),
	(398, '2024-11-12 08:10:47.902676+00', 'S001224', 1, 'TX', 3, 'Republican'),
	(399, '2024-11-12 08:10:48.142295+00', 'S000250', 1, 'TX', 17, 'Republican'),
	(400, '2024-11-12 08:10:48.462102+00', 'S001148', 1, 'ID', 2, 'Republican'),
	(401, '2024-11-12 08:10:48.676744+00', 'S001195', 1, 'MO', 8, 'Republican'),
	(402, '2024-11-12 08:10:48.913612+00', 'S001172', 1, 'NE', 3, 'Republican'),
	(403, '2024-11-12 08:10:49.193359+00', 'S000522', 1, 'NJ', 4, 'Republican'),
	(404, '2024-11-12 08:10:49.421797+00', 'S001199', 1, 'PA', 11, 'Republican'),
	(405, '2024-11-12 08:10:49.609138+00', 'S000929', 1, 'IN', 5, 'Republican'),
	(406, '2024-11-12 08:10:49.840594+00', 'S001212', 1, 'MN', 8, 'Republican'),
	(407, '2024-11-12 08:10:50.075467+00', 'S001135', 1, 'CA', 45, 'Republican'),
	(409, '2024-11-12 08:10:50.686414+00', 'S001213', 1, 'WI', 1, 'Republican'),
	(410, '2024-11-12 08:10:50.924595+00', 'S001192', 1, 'UT', 2, 'Republican'),
	(411, '2024-11-12 08:10:51.13812+00', 'S001220', 1, 'AL', 5, 'Republican'),
	(412, '2024-11-12 08:10:51.350064+00', 'T000478', 1, 'NY', 24, 'Republican'),
	(413, '2024-11-12 08:10:51.669766+00', 'T000467', 1, 'PA', 15, 'Republican'),
	(414, '2024-11-12 08:10:51.888049+00', 'T000165', 1, 'WI', 7, 'Republican'),
	(415, '2024-11-12 08:10:52.105149+00', 'T000480', 1, 'SC', 4, 'Republican'),
	(416, '2024-11-12 08:10:52.410712+00', 'T000463', 1, 'OH', 10, 'Republican'),
	(417, '2024-11-12 08:10:52.648347+00', 'V000129', 1, 'CA', 22, 'Republican'),
	(418, '2024-11-12 08:10:52.876323+00', 'V000133', 1, 'NJ', 2, 'Democratic'),
	(419, '2024-11-12 08:10:53.093961+00', 'V000134', 1, 'TX', 24, 'Republican'),
	(420, '2024-11-12 08:10:53.304573+00', 'V000135', 1, 'WI', 3, 'Republican'),
	(421, '2024-11-12 08:10:53.52851+00', 'W000812', 1, 'MO', 2, 'Republican'),
	(422, '2024-11-12 08:10:53.753936+00', 'W000798', 1, 'MI', 5, 'Republican'),
	(423, '2024-11-12 08:10:53.951241+00', 'W000823', 1, 'FL', 6, 'Republican'),
	(424, '2024-11-12 08:10:54.200563+00', 'W000814', 1, 'TX', 14, 'Republican'),
	(425, '2024-11-12 08:10:54.421648+00', 'W000806', 1, 'FL', 11, 'Republican'),
	(426, '2024-11-12 08:10:54.662629+00', 'W000815', 1, 'OH', 2, 'Republican'),
	(428, '2024-11-12 08:10:55.106201+00', 'W000828', 1, 'NY', 22, 'Republican'),
	(323, '2024-11-12 08:10:31.01557+00', 'J000289', 1, 'OH', 4, 'Republican'),
	(324, '2024-11-12 08:10:31.24466+00', 'J000295', 1, 'OH', 14, 'Republican'),
	(325, '2024-11-12 08:10:31.443468+00', 'J000302', 1, 'PA', 13, 'Republican'),
	(430, '2024-11-12 08:10:55.574437+00', 'W000795', 1, 'SC', 2, 'Republican'),
	(431, '2024-11-12 08:10:55.815698+00', 'W000804', 1, 'VA', 1, 'Republican'),
	(432, '2024-11-12 08:10:56.041571+00', 'W000809', 1, 'AR', 3, 'Republican'),
	(433, '2024-11-12 08:10:56.254998+00', 'Y000067', 1, 'IN', 2, 'Republican'),
	(434, '2024-11-12 08:10:56.465972+00', 'Z000018', 1, 'MT', 1, 'Republican'),
	(435, '2024-11-12 08:10:56.742839+00', 'N000147', 1, 'DC', 1, 'Democratic'),
	(436, '2024-11-12 08:10:57.052699+00', 'P000610', 1, 'VI', 1, 'Democratic'),
	(437, '2024-11-12 08:10:57.386375+00', 'S001177', 1, 'MP', 1, 'Democratic'),
	(438, '2024-11-12 08:10:57.6693+00', 'G000582', 1, 'PR', 1, 'Republican'),
	(439, '2024-11-12 08:10:58.110607+00', 'R000600', 1, 'AS', 1, 'Republican'),
	(440, '2024-11-12 08:10:58.446835+00', 'M001219', 1, 'GU', 1, 'Republican'),
	(441, '2024-11-12 08:10:58.661603+00', 'M001227', 1, 'VA', 4, 'Democratic'),
	(30, '2024-11-12 08:09:18.707975+00', 'C001091', 1, 'TX', 20, 'Democratic'),
	(49, '2024-11-12 08:09:23.485314+00', 'D000230', 1, 'NC', 1, 'Democratic'),
	(68, '2024-11-12 08:09:28.452612+00', 'G000559', 1, 'CA', 8, 'Democratic'),
	(87, '2024-11-12 08:09:33.088747+00', 'J000309', 1, 'IL', 1, 'Democratic'),
	(106, '2024-11-12 08:09:38.037539+00', 'L000557', 1, 'CT', 1, 'Democratic'),
	(108, '2024-11-12 08:09:38.709163+00', 'L000590', 1, 'NV', 3, 'Democratic'),
	(118, '2024-11-12 08:09:41.348058+00', 'M001208', 1, 'GA', 7, 'Democratic'),
	(137, '2024-11-12 08:09:46.520336+00', 'N000188', 1, 'NJ', 1, 'Democratic'),
	(156, '2024-11-12 08:09:51.199926+00', 'R000617', 1, 'IL', 3, 'Democratic'),
	(175, '2024-11-12 08:09:56.038113+00', 'S001207', 1, 'NJ', 11, 'Democratic'),
	(194, '2024-11-12 08:10:00.532265+00', 'T000469', 1, 'NY', 20, 'Democratic'),
	(213, '2024-11-12 08:10:05.069886+00', 'P000615', 1, 'IN', 6, 'Republican'),
	(215, '2024-11-12 08:10:05.577392+00', 'A000055', 1, 'AL', 4, 'Republican'),
	(225, '2024-11-12 08:10:07.936364+00', 'B001299', 1, 'IN', 3, 'Republican'),
	(244, '2024-11-12 08:10:12.631809+00', 'C001039', 1, 'FL', 3, 'Republican'),
	(263, '2024-11-12 08:10:17.292386+00', 'D000594', 1, 'TX', 15, 'Republican'),
	(282, '2024-11-12 08:10:21.770144+00', 'F000459', 1, 'TN', 3, 'Republican'),
	(301, '2024-11-12 08:10:26.033576+00', 'G000596', 1, 'GA', 14, 'Republican'),
	(320, '2024-11-12 08:10:30.300808+00', 'J000299', 1, 'LA', 4, 'Republican'),
	(322, '2024-11-12 08:10:30.77482+00', 'J000301', 1, 'SD', 1, 'Republican'),
	(332, '2024-11-12 08:10:33.014745+00', 'K000392', 1, 'TN', 8, 'Republican'),
	(351, '2024-11-12 08:10:37.275184+00', 'M000871', 1, 'KS', 1, 'Republican'),
	(370, '2024-11-12 08:10:41.550478+00', 'M001213', 1, 'UT', 1, 'Republican'),
	(389, '2024-11-12 08:10:45.946969+00', 'R000103', 1, 'MT', 2, 'Republican'),
	(408, '2024-11-12 08:10:50.448712+00', 'S001196', 1, 'NY', 21, 'Republican'),
	(427, '2024-11-12 08:10:54.880115+00', 'W000821', 1, 'AR', 4, 'Republican'),
	(429, '2024-11-12 08:10:55.335365+00', 'W000816', 1, 'TX', 25, 'Republican'),
	(442, '2024-11-12 08:10:58.879442+00', 'A000380', 1, 'RI', 1, 'Democratic'),
	(443, '2024-11-12 08:10:59.083976+00', 'M001228', 1, 'UT', 2, 'Republican'),
	(444, '2024-11-12 08:35:53.549907+00', 'B001261', 2, 'WY', NULL, 'Republican'),
	(445, '2024-11-12 08:35:53.791211+00', 'B001267', 2, 'CO', NULL, 'Democratic'),
	(11, '2024-11-12 08:09:14.216415+00', 'B000574', 1, 'OR', 3, 'Democratic'),
	(446, '2024-11-12 08:35:54.062183+00', 'B001243', 2, 'TN', NULL, 'Republican'),
	(447, '2024-11-12 08:35:54.311479+00', 'B001236', 2, 'AR', NULL, 'Republican'),
	(448, '2024-11-12 08:35:54.530933+00', 'B001310', 2, 'IN', NULL, 'Republican'),
	(449, '2024-11-12 08:35:54.730986+00', 'B001319', 2, 'AL', NULL, 'Republican'),
	(450, '2024-11-12 08:35:54.980791+00', 'B001305', 2, 'NC', NULL, 'Republican'),
	(451, '2024-11-12 08:35:55.239609+00', 'C001075', 2, 'LA', NULL, 'Republican'),
	(452, '2024-11-12 08:35:55.454927+00', 'C001095', 2, 'AR', NULL, 'Republican'),
	(453, '2024-11-12 08:35:55.705789+00', 'C001096', 2, 'ND', NULL, 'Republican'),
	(454, '2024-11-12 08:35:55.949603+00', 'C000880', 2, 'ID', NULL, 'Republican'),
	(455, '2024-11-12 08:35:56.197389+00', 'C001098', 2, 'TX', NULL, 'Republican'),
	(456, '2024-11-12 08:35:56.41017+00', 'D000618', 2, 'MT', NULL, 'Republican'),
	(457, '2024-11-12 08:35:56.628872+00', 'F000463', 2, 'NE', NULL, 'Republican'),
	(458, '2024-11-12 08:35:56.859682+00', 'H000601', 2, 'TN', NULL, 'Republican'),
	(459, '2024-11-12 08:35:57.090282+00', 'H001089', 2, 'MO', NULL, 'Republican'),
	(460, '2024-11-12 08:35:57.309371+00', 'H000273', 2, 'CO', NULL, 'Democratic'),
	(461, '2024-11-12 08:35:57.53743+00', 'H001061', 2, 'ND', NULL, 'Republican'),
	(462, '2024-11-12 08:35:57.768481+00', 'H001079', 2, 'MS', NULL, 'Republican'),
	(463, '2024-11-12 08:35:58.005973+00', 'J000293', 2, 'WI', NULL, 'Republican'),
	(464, '2024-11-12 08:35:58.239071+00', 'K000393', 2, 'LA', NULL, 'Republican'),
	(465, '2024-11-12 08:35:58.476663+00', 'L000575', 2, 'OK', NULL, 'Republican'),
	(466, '2024-11-12 08:35:58.708056+00', 'L000571', 2, 'WY', NULL, 'Republican'),
	(467, '2024-11-12 08:35:58.928681+00', 'M001198', 2, 'KS', NULL, 'Republican'),
	(468, '2024-11-12 08:35:59.166305+00', 'M001190', 2, 'OK', NULL, 'Republican'),
	(469, '2024-11-12 08:35:59.40446+00', 'P000603', 2, 'KY', NULL, 'Republican'),
	(470, '2024-11-12 08:35:59.627883+00', 'R000618', 2, 'NE', NULL, 'Republican'),
	(471, '2024-11-12 08:35:59.876846+00', 'R000595', 2, 'FL', NULL, 'Republican'),
	(472, '2024-11-12 08:36:00.091061+00', 'S001227', 2, 'MO', NULL, 'Republican'),
	(473, '2024-11-12 08:36:00.317378+00', 'S001217', 2, 'FL', NULL, 'Republican'),
	(474, '2024-11-12 08:36:00.54572+00', 'S001184', 2, 'SC', NULL, 'Republican'),
	(475, '2024-11-12 08:36:00.824619+00', 'S001198', 2, 'AK', NULL, 'Republican'),
	(476, '2024-11-12 08:36:01.091761+00', 'T000250', 2, 'SD', NULL, 'Republican'),
	(477, '2024-11-12 08:36:01.346546+00', 'T000278', 2, 'AL', NULL, 'Republican'),
	(478, '2024-11-12 08:36:01.572584+00', 'V000137', 2, 'OH', NULL, 'Republican'),
	(479, '2024-11-12 08:36:01.84153+00', 'K000383', 2, 'ME', NULL, 'Independent'),
	(480, '2024-11-12 08:36:02.089649+00', 'L000577', 2, 'UT', NULL, 'Republican'),
	(481, '2024-11-12 08:36:02.448017+00', 'M001153', 2, 'AK', NULL, 'Republican'),
	(482, '2024-11-12 08:36:02.684267+00', 'P000145', 2, 'CA', NULL, 'Democratic'),
	(483, '2024-11-12 08:36:02.948136+00', 'R000584', 2, 'ID', NULL, 'Republican'),
	(484, '2024-11-12 08:36:03.330619+00', 'B001230', 2, 'WI', NULL, 'Democratic'),
	(485, '2024-11-12 08:36:03.600042+00', 'B001277', 2, 'CT', NULL, 'Democratic'),
	(486, '2024-11-12 08:36:03.870011+00', 'B001288', 2, 'NJ', NULL, 'Democratic'),
	(487, '2024-11-12 08:36:04.161247+00', 'B000944', 2, 'OH', NULL, 'Democratic'),
	(488, '2024-11-12 08:36:04.418542+00', 'C000127', 2, 'WA', NULL, 'Democratic'),
	(489, '2024-11-12 08:36:04.67919+00', 'C001047', 2, 'WV', NULL, 'Republican'),
	(490, '2024-11-12 08:36:04.993416+00', 'C000141', 2, 'MD', NULL, 'Democratic'),
	(491, '2024-11-12 08:36:05.250247+00', 'C000174', 2, 'DE', NULL, 'Democratic'),
	(492, '2024-11-12 08:36:05.515239+00', 'C001070', 2, 'PA', NULL, 'Democratic'),
	(493, '2024-11-12 08:36:05.767802+00', 'C001035', 2, 'ME', NULL, 'Republican'),
	(494, '2024-11-12 08:36:06.030707+00', 'C001088', 2, 'DE', NULL, 'Democratic'),
	(495, '2024-11-12 08:36:06.452193+00', 'C001056', 2, 'TX', NULL, 'Republican'),
	(496, '2024-11-12 08:36:06.686786+00', 'C001113', 2, 'NV', NULL, 'Democratic'),
	(497, '2024-11-12 08:36:06.937853+00', 'D000622', 2, 'IL', NULL, 'Democratic'),
	(498, '2024-11-12 08:36:07.229165+00', 'D000563', 2, 'IL', NULL, 'Democratic'),
	(499, '2024-11-12 08:36:07.489529+00', 'E000295', 2, 'IA', NULL, 'Republican'),
	(500, '2024-11-12 08:40:42.55472+00', 'F000062', 2, 'CA', NULL, 'Democratic'),
	(501, '2024-11-12 08:40:42.780874+00', 'F000479', 2, 'PA', NULL, 'Democratic'),
	(502, '2024-11-12 08:40:43.055756+00', 'G000555', 2, 'NY', NULL, 'Democratic'),
	(1, '2024-11-12 08:09:11.672747+00', 'A000370', 1, 'NC', 12, 'Democratic'),
	(224, '2024-11-12 08:10:07.609376+00', 'B001306', 1, 'OH', 12, 'Republican'),
	(503, '2024-11-12 08:40:43.41708+00', 'G000359', 2, 'SC', NULL, 'Republican'),
	(504, '2024-11-12 08:40:43.927873+00', 'G000386', 2, 'IA', NULL, 'Republican'),
	(505, '2024-11-12 08:40:44.138882+00', 'H001076', 2, 'NH', NULL, 'Democratic'),
	(506, '2024-11-12 08:40:44.408899+00', 'H001046', 2, 'NM', NULL, 'Democratic'),
	(507, '2024-11-12 08:40:44.664709+00', 'H001042', 2, 'HI', NULL, 'Democratic'),
	(508, '2024-11-12 08:40:44.902064+00', 'K000384', 2, 'VA', NULL, 'Democratic'),
	(509, '2024-11-12 08:40:45.120351+00', 'K000377', 2, 'AZ', NULL, 'Democratic'),
	(510, '2024-11-12 08:40:45.385677+00', 'K000367', 2, 'MN', NULL, 'Democratic'),
	(511, '2024-11-12 08:40:45.671223+00', 'L000570', 2, 'NM', NULL, 'Democratic'),
	(512, '2024-11-12 08:40:45.911167+00', 'M001183', 2, 'WV', NULL, 'Democratic'),
	(513, '2024-11-12 08:40:46.203043+00', 'M000133', 2, 'MA', NULL, 'Democratic'),
	(514, '2024-11-12 08:40:46.451899+00', 'M000355', 2, 'KY', NULL, 'Republican'),
	(515, '2024-11-12 08:44:55.001193+00', 'M000639', 2, 'NJ', NULL, 'Democratic'),
	(516, '2024-11-12 08:44:55.265425+00', 'M001176', 2, 'OR', NULL, 'Democratic'),
	(517, '2024-11-12 08:44:55.527384+00', 'M000934', 2, 'KS', NULL, 'Republican'),
	(518, '2024-11-12 08:44:55.748241+00', 'M001169', 2, 'CT', NULL, 'Democratic'),
	(519, '2024-11-12 08:44:56.084728+00', 'M001111', 2, 'WA', NULL, 'Democratic'),
	(520, '2024-11-12 08:44:56.315948+00', 'O000174', 2, 'GA', NULL, 'Democratic'),
	(521, '2024-11-12 08:44:56.551048+00', 'P000595', 2, 'MI', NULL, 'Democratic'),
	(522, '2024-11-12 08:44:56.810976+00', 'R000122', 2, 'RI', NULL, 'Democratic'),
	(523, '2024-11-12 08:44:57.063103+00', 'R000615', 2, 'UT', NULL, 'Republican'),
	(524, '2024-11-12 08:44:57.303251+00', 'R000608', 2, 'NV', NULL, 'Democratic'),
	(525, '2024-11-12 08:44:57.541163+00', 'R000605', 2, 'SD', NULL, 'Republican'),
	(526, '2024-11-12 08:44:57.83452+00', 'S000033', 2, 'VT', NULL, 'Independent'),
	(527, '2024-11-12 08:44:58.048814+00', 'S001194', 2, 'HI', NULL, 'Democratic'),
	(528, '2024-11-12 08:44:58.568775+00', 'S000148', 2, 'NY', NULL, 'Democratic'),
	(529, '2024-11-12 08:44:58.8268+00', 'S001181', 2, 'NH', NULL, 'Democratic'),
	(530, '2024-11-12 08:44:59.149709+00', 'S001191', 2, 'AZ', NULL, 'Independent'),
	(531, '2024-11-12 08:44:59.387848+00', 'S001203', 2, 'MN', NULL, 'Democratic'),
	(532, '2024-11-12 08:44:59.717085+00', 'S000770', 2, 'MI', NULL, 'Democratic'),
	(533, '2024-11-12 08:44:59.949115+00', 'T000464', 2, 'MT', NULL, 'Democratic'),
	(534, '2024-11-12 08:45:00.228512+00', 'T000476', 2, 'NC', NULL, 'Republican'),
	(535, '2024-11-12 08:45:00.496194+00', 'V000128', 2, 'MD', NULL, 'Democratic'),
	(536, '2024-11-12 08:45:00.756571+00', 'W000805', 2, 'VA', NULL, 'Democratic'),
	(537, '2024-11-12 08:45:00.995147+00', 'W000790', 2, 'GA', NULL, 'Democratic'),
	(538, '2024-11-12 08:45:01.24466+00', 'W000817', 2, 'MA', NULL, 'Democratic'),
	(539, '2024-11-12 08:45:01.508086+00', 'W000800', 2, 'VT', NULL, 'Democratic'),
	(540, '2024-11-12 08:45:01.771018+00', 'W000802', 2, 'RI', NULL, 'Democratic'),
	(541, '2024-11-12 08:45:02.117036+00', 'W000437', 2, 'MS', NULL, 'Republican'),
	(542, '2024-11-12 08:45:02.412891+00', 'W000779', 2, 'OR', NULL, 'Democratic'),
	(543, '2024-11-12 08:45:02.674204+00', 'Y000064', 2, 'IN', NULL, 'Republican'),
	(544, '2024-11-12 08:45:02.912073+00', 'B001320', 2, 'CA', NULL, 'Democratic'),
	(545, '2024-11-12 08:45:03.159567+00', 'S001201', 1, 'NY', 3, 'Democratic'),
	(546, '2024-11-12 08:45:03.404356+00', 'K000402', 1, 'NY', 26, 'Democratic'),
	(547, '2024-11-12 08:45:03.645304+00', 'F000480', 1, 'CA', 20, 'Republican'),
	(548, '2024-11-12 08:45:03.880404+00', 'R000619', 1, 'OH', 6, 'Republican'),
	(549, '2024-11-12 08:45:04.124009+00', 'L000604', 1, 'CO', 4, 'Republican'),
	(550, '2024-11-12 08:45:04.363152+00', 'M001229', 1, 'NJ', 10, 'Democratic'),
	(551, '2024-11-12 08:45:04.585044+00', 'H001097', 2, 'NJ', NULL, 'Democratic');


--
-- Data for Name: buckets; Type: TABLE DATA; Schema: storage; Owner: supabase_storage_admin
--



--
-- Data for Name: objects; Type: TABLE DATA; Schema: storage; Owner: supabase_storage_admin
--



--
-- Data for Name: s3_multipart_uploads; Type: TABLE DATA; Schema: storage; Owner: supabase_storage_admin
--



--
-- Data for Name: s3_multipart_uploads_parts; Type: TABLE DATA; Schema: storage; Owner: supabase_storage_admin
--



--
-- Data for Name: hooks; Type: TABLE DATA; Schema: supabase_functions; Owner: supabase_functions_admin
--



--
-- Data for Name: secrets; Type: TABLE DATA; Schema: vault; Owner: supabase_admin
--



--
-- Name: refresh_tokens_id_seq; Type: SEQUENCE SET; Schema: auth; Owner: supabase_auth_admin
--

SELECT pg_catalog.setval('"auth"."refresh_tokens_id_seq"', 1, false);


--
-- Name: key_key_id_seq; Type: SEQUENCE SET; Schema: pgsodium; Owner: supabase_admin
--

SELECT pg_catalog.setval('"pgsodium"."key_key_id_seq"', 1, false);


--
-- Name: bill_amendments_id_seq; Type: SEQUENCE SET; Schema: public; Owner: postgres
--

SELECT pg_catalog.setval('"public"."bill_amendments_id_seq"', 1, false);


--
-- Name: bill_cosponsors_id_seq; Type: SEQUENCE SET; Schema: public; Owner: postgres
--

SELECT pg_catalog.setval('"public"."bill_cosponsors_id_seq"', 1, false);


--
-- Name: rep_votes_id_seq; Type: SEQUENCE SET; Schema: public; Owner: postgres
--

SELECT pg_catalog.setval('"public"."rep_votes_id_seq"', 1, false);


--
-- Name: sessions_id_seq; Type: SEQUENCE SET; Schema: public; Owner: postgres
--

SELECT pg_catalog.setval('"public"."sessions_id_seq"', 2, true);


--
-- Name: terms_id_seq; Type: SEQUENCE SET; Schema: public; Owner: postgres
--

SELECT pg_catalog.setval('"public"."terms_id_seq"', 551, true);


--
-- Name: hooks_id_seq; Type: SEQUENCE SET; Schema: supabase_functions; Owner: supabase_functions_admin
--

SELECT pg_catalog.setval('"supabase_functions"."hooks_id_seq"', 1, false);


--
-- PostgreSQL database dump complete
--

RESET ALL;
